"Species_name","User_Tree_id","flon_week","flon_week_sd","n.fl","spname"
"Artocarpus heterophyllus",1517,173.076923076923,60.3539853721016,3,"jackfruit"
"Artocarpus heterophyllus",1579,249.230769230769,NA,1,"jackfruit"
"Artocarpus heterophyllus",1607,145.384615384615,68.5349649457731,2,"jackfruit"
"Artocarpus heterophyllus",1611,145.384615384615,48.9535463898379,2,"jackfruit"
"Artocarpus heterophyllus",1613,136.153846153846,80.2400245417556,3,"jackfruit"
"Artocarpus heterophyllus",1633,152.307692307692,NA,1,"jackfruit"
"Artocarpus heterophyllus",1705,168.461538461538,62.435765808317,3,"jackfruit"
"Artocarpus heterophyllus",1734,6.92307692307693,NA,1,"jackfruit"
"Artocarpus heterophyllus",1735,117.692307692308,NA,1,"jackfruit"
"Artocarpus heterophyllus",1748,145.384615384615,78.3256742237406,2,"jackfruit"
"Artocarpus heterophyllus",1772,76.1538461538461,NA,1,"jackfruit"
"Artocarpus heterophyllus",2167,80.7692307692308,111.272893396073,3,"jackfruit"
"Artocarpus heterophyllus",2168,256.153846153846,78.019114635586,3,"jackfruit"
"Artocarpus heterophyllus",2169,55.3846153846154,NA,1,"jackfruit"
"Artocarpus heterophyllus",2170,114.230769230769,107.920088779292,4,"jackfruit"
"Artocarpus heterophyllus",2286,183.461538461538,4.8953546389838,2,"jackfruit"
"Artocarpus heterophyllus",2291,183.461538461538,47.1074561617957,6,"jackfruit"
"Artocarpus heterophyllus",2295,96.9230769230769,NA,1,"jackfruit"
"Artocarpus heterophyllus",2324,149.538461538462,35.1648695054777,5,"jackfruit"
"Artocarpus heterophyllus",2325,170.307692307692,54.6440877987816,5,"jackfruit"
"Artocarpus heterophyllus",2326,110.769230769231,29.3721278339028,4,"jackfruit"
"Artocarpus heterophyllus",2327,135.692307692308,42.281810265053,5,"jackfruit"
"Artocarpus heterophyllus",2328,134.307692307692,31.1922839798829,5,"jackfruit"
"Artocarpus heterophyllus",2329,160.615384615385,40.1896392194769,5,"jackfruit"
"Artocarpus heterophyllus",2375,245.769230769231,63.6396103067893,2,"jackfruit"
"Artocarpus heterophyllus",2377,135,18.3167398458318,4,"jackfruit"
"Artocarpus heterophyllus",2403,159.230769230769,53.6259232551796,4,"jackfruit"
"Artocarpus heterophyllus",2404,147.115384615385,23.5622052192255,4,"jackfruit"
"Artocarpus heterophyllus",2406,178.269230769231,61.2408669679182,4,"jackfruit"
"Artocarpus heterophyllus",2407,163.846153846154,39.3662817905353,3,"jackfruit"
"Artocarpus heterophyllus",2408,126.346153846154,56.6325747314217,4,"jackfruit"
"Artocarpus heterophyllus",2430,142.615384615385,38.1083786156018,5,"jackfruit"
"Artocarpus heterophyllus",2570,152.307692307692,60.7497534511762,5,"jackfruit"
"Artocarpus heterophyllus",2586,163.846153846154,10.5751746806673,3,"jackfruit"
"Artocarpus heterophyllus",2613,147.115384615385,31.6625140015667,4,"jackfruit"
"Artocarpus heterophyllus",2617,153.692307692308,34.0570353496122,5,"jackfruit"
"Artocarpus heterophyllus",2746,154.615384615385,178.574234973721,3,"jackfruit"
"Artocarpus heterophyllus",2747,200.769230769231,215.395604115287,2,"jackfruit"
"Artocarpus heterophyllus",2779,171.923076923077,43.4373656398245,6,"jackfruit"
"Artocarpus heterophyllus",3490,166.153846153846,51.4982621640494,4,"jackfruit"
"Artocarpus heterophyllus",3520,152.307692307692,NA,1,"jackfruit"
"Artocarpus heterophyllus",3523,191.538461538462,43.9674435767484,3,"jackfruit"
"Artocarpus heterophyllus",3524,288.461538461538,10.5751746806673,3,"jackfruit"
"Artocarpus heterophyllus",3539,249.230769230769,NA,1,"jackfruit"
"Artocarpus heterophyllus",3672,41.5384615384615,24.6394113508415,4,"jackfruit"
"Artocarpus heterophyllus",3862,131.538461538462,NA,1,"jackfruit"
"Artocarpus heterophyllus",3938,95.3846153846154,76.8413026881804,9,"jackfruit"
"Artocarpus heterophyllus",3939,94.6153846153846,77.7884021108454,9,"jackfruit"
"Artocarpus heterophyllus",3994,152.307692307692,NA,1,"jackfruit"
"Artocarpus heterophyllus",4022,124.615384615385,NA,1,"jackfruit"
"Artocarpus heterophyllus",4222,103.846153846154,NA,1,"jackfruit"
"Artocarpus heterophyllus",4232,207.692307692308,NA,1,"jackfruit"
"Artocarpus heterophyllus",4383,242.307692307692,68.5349649457731,2,"jackfruit"
"Artocarpus heterophyllus",4389,200.769230769231,NA,1,"jackfruit"
"Artocarpus heterophyllus",4390,193.846153846154,NA,1,"jackfruit"
"Artocarpus heterophyllus",4941,124.615384615385,27.6923076923077,5,"jackfruit"
"Artocarpus heterophyllus",4955,200.769230769231,NA,1,"jackfruit"
"Artocarpus heterophyllus",5009,109.230769230769,54.0463312090632,9,"jackfruit"
"Artocarpus heterophyllus",5249,200.769230769231,NA,1,"jackfruit"
"Artocarpus heterophyllus",5250,200.769230769231,NA,1,"jackfruit"
"Artocarpus heterophyllus",5307,83.0769230769231,NA,1,"jackfruit"
"Artocarpus heterophyllus",5311,200.769230769231,NA,1,"jackfruit"
"Artocarpus heterophyllus",5313,193.846153846154,NA,1,"jackfruit"
"Artocarpus heterophyllus",5356,138.461538461538,NA,1,"jackfruit"
"Artocarpus heterophyllus",5520,83.0769230769231,NA,1,"jackfruit"
"Artocarpus heterophyllus",5564,135.692307692308,82.2943914486602,5,"jackfruit"
"Artocarpus heterophyllus",5617,110.769230769231,NA,1,"jackfruit"
"Artocarpus heterophyllus",5620,34.6153846153846,NA,1,"jackfruit"
"Artocarpus heterophyllus",5622,65.7692307692308,24.476773194919,2,"jackfruit"
"Artocarpus heterophyllus",5764,148.846153846154,73.4303195847569,2,"jackfruit"
"Artocarpus heterophyllus",5895,166.153846153846,NA,1,"jackfruit"
"Artocarpus heterophyllus",5957,183.461538461538,40.781565623141,6,"jackfruit"
"Artocarpus heterophyllus",5976,220.549450549451,38.8409854030982,7,"jackfruit"
"Artocarpus heterophyllus",5979,207.692307692308,47.2936189198135,4,"jackfruit"
"Artocarpus heterophyllus",5981,144,47.8143599533809,5,"jackfruit"
"Artocarpus heterophyllus",5987,160.384615384615,59.7821488861331,6,"jackfruit"
"Artocarpus heterophyllus",5990,150.923076923077,47.3105064829012,5,"jackfruit"
"Artocarpus heterophyllus",6055,131.538461538462,19.5814185559352,2,"jackfruit"
"Artocarpus heterophyllus",6084,13.8461538461538,NA,1,"jackfruit"
"Artocarpus heterophyllus",6139,173.076923076923,NA,1,"jackfruit"
"Artocarpus heterophyllus",6172,138.461538461538,NA,1,"jackfruit"
"Artocarpus heterophyllus",6173,76.1538461538461,NA,1,"jackfruit"
"Artocarpus heterophyllus",6192,83.0769230769231,NA,1,"jackfruit"
"Artocarpus heterophyllus",6200,166.153846153846,NA,1,"jackfruit"
"Artocarpus heterophyllus",6203,138.461538461538,NA,1,"jackfruit"
"Artocarpus heterophyllus",6260,96.9230769230769,NA,1,"jackfruit"
"Artocarpus heterophyllus",6353,173.076923076923,NA,1,"jackfruit"
"Artocarpus heterophyllus",6403,152.307692307692,NA,1,"jackfruit"
"Artocarpus heterophyllus",6485,221.538461538462,NA,1,"jackfruit"
"Artocarpus heterophyllus",6487,163.846153846154,26.2103462113859,3,"jackfruit"
"Artocarpus heterophyllus",6489,173.076923076923,13.8461538461539,3,"jackfruit"
"Artocarpus heterophyllus",6507,152.307692307692,NA,1,"jackfruit"
"Artocarpus heterophyllus",6555,202.153846153846,49.0513557708508,5,"jackfruit"
"Artocarpus heterophyllus",6556,150.576923076923,77.993513612867,4,"jackfruit"
"Artocarpus heterophyllus",6557,148.846153846154,19.9852016257947,4,"jackfruit"
"Artocarpus heterophyllus",6558,211.153846153846,24.476773194919,2,"jackfruit"
"Artocarpus heterophyllus",6559,60,41.7303261231349,3,"jackfruit"
"Artocarpus heterophyllus",6560,178.269230769231,51.3040017124978,4,"jackfruit"
"Artocarpus heterophyllus",6688,161.538461538462,52.4206924227718,3,"jackfruit"
"Artocarpus heterophyllus",6689,182.967032967033,60.335074519257,7,"jackfruit"
"Artocarpus heterophyllus",6690,173.076923076923,54.9502195374953,5,"jackfruit"
"Artocarpus heterophyllus",6695,154.615384615385,87.9348871534969,3,"jackfruit"
"Artocarpus heterophyllus",6699,41.5384615384615,0,2,"jackfruit"
"Artocarpus heterophyllus",6700,76.1538461538462,39.1628371118703,2,"jackfruit"
"Artocarpus heterophyllus",6704,150,92.1922354866378,3,"jackfruit"
"Artocarpus heterophyllus",6705,152.307692307692,90,3,"jackfruit"
"Artocarpus heterophyllus",6707,136.153846153846,68.3014550166865,3,"jackfruit"
"Artocarpus heterophyllus",6709,145.384615384615,78.019114635586,3,"jackfruit"
"Artocarpus heterophyllus",6717,121.153846153846,75.94376617802,4,"jackfruit"
"Artocarpus heterophyllus",6718,188.307692307692,34.4070654640316,5,"jackfruit"
"Artocarpus heterophyllus",6719,276.923076923077,47.9644839019074,3,"jackfruit"
"Artocarpus heterophyllus",6720,163.384615384615,63.7524799378413,5,"jackfruit"
"Artocarpus heterophyllus",6722,141.230769230769,84.7334840167066,5,"jackfruit"
"Artocarpus heterophyllus",6723,166.153846153846,NA,1,"jackfruit"
"Artocarpus heterophyllus",6724,173.076923076923,127.279220613579,2,"jackfruit"
"Artocarpus heterophyllus",6726,154.615384615385,116.738214184078,3,"jackfruit"
"Artocarpus heterophyllus",6727,135,93.011738140692,2,"jackfruit"
"Artocarpus heterophyllus",6728,180,89.5551134396873,4,"jackfruit"
"Artocarpus heterophyllus",6731,221.538461538462,NA,1,"jackfruit"
"Artocarpus heterophyllus",6746,136.153846153846,86.0060545550041,3,"jackfruit"
"Artocarpus heterophyllus",6854,173.076923076923,NA,1,"jackfruit"
"Artocarpus heterophyllus",6874,96.9230769230769,NA,1,"jackfruit"
"Artocarpus heterophyllus",7002,103.846153846154,NA,1,"jackfruit"
"Artocarpus heterophyllus",7013,242.307692307692,NA,1,"jackfruit"
"Artocarpus heterophyllus",7059,120.288461538462,58.5033648814442,8,"jackfruit"
"Artocarpus heterophyllus",7068,121.153846153846,62.1426385281956,8,"jackfruit"
"Artocarpus heterophyllus",7092,221.538461538462,NA,1,"jackfruit"
"Artocarpus heterophyllus",7142,88.021978021978,35.6867180162678,7,"jackfruit"
"Artocarpus heterophyllus",7146,104.835164835165,23.452979883735,7,"jackfruit"
"Artocarpus heterophyllus",7152,83.0769230769231,NA,1,"jackfruit"
"Artocarpus heterophyllus",7175,91.978021978022,40.3115508596908,7,"jackfruit"
"Artocarpus heterophyllus",7190,169.615384615385,14.6860639169514,2,"jackfruit"
"Artocarpus heterophyllus",7195,173.076923076923,9.7907092779676,2,"jackfruit"
"Artocarpus heterophyllus",7203,20.7692307692308,NA,1,"jackfruit"
"Artocarpus heterophyllus",7206,27.6923076923077,NA,1,"jackfruit"
"Artocarpus heterophyllus",7207,6.92307692307693,NA,1,"jackfruit"
"Artocarpus heterophyllus",7280,13.8461538461538,NA,1,"jackfruit"
"Artocarpus heterophyllus",7353,41.5384615384615,NA,1,"jackfruit"
"Artocarpus heterophyllus",7354,131.538461538462,NA,1,"jackfruit"
"Artocarpus heterophyllus",7399,110.769230769231,NA,1,"jackfruit"
"Artocarpus heterophyllus",7516,138.461538461538,NA,1,"jackfruit"
"Artocarpus heterophyllus",7544,76.1538461538461,NA,1,"jackfruit"
"Artocarpus heterophyllus",7560,83.0769230769231,NA,1,"jackfruit"
"Artocarpus heterophyllus",7603,104.835164835165,24.4534508711904,7,"jackfruit"
"Artocarpus heterophyllus",7604,87.032967032967,39.9418427597314,7,"jackfruit"
"Artocarpus heterophyllus",7626,76.1538461538461,NA,1,"jackfruit"
"Artocarpus heterophyllus",7636,117.692307692308,108.804694468858,3,"jackfruit"
"Artocarpus heterophyllus",7637,96.9230769230769,137.069929891546,2,"jackfruit"
"Artocarpus heterophyllus",7639,120,103.923048454133,3,"jackfruit"
"Artocarpus heterophyllus",7651,228.461538461538,NA,1,"jackfruit"
"Artocarpus heterophyllus",7657,62.3076923076923,NA,1,"jackfruit"
"Artocarpus heterophyllus",7660,20.7692307692308,NA,1,"jackfruit"
"Artocarpus heterophyllus",7666,90,NA,1,"jackfruit"
"Artocarpus heterophyllus",7672,166.153846153846,NA,1,"jackfruit"
"Artocarpus heterophyllus",7682,249.230769230769,NA,1,"jackfruit"
"Artocarpus heterophyllus",7691,83.0769230769231,NA,1,"jackfruit"
"Artocarpus heterophyllus",7724,83.0769230769231,NA,1,"jackfruit"
"Artocarpus heterophyllus",7727,145.384615384615,NA,1,"jackfruit"
"Artocarpus heterophyllus",7767,76.1538461538461,NA,1,"jackfruit"
"Artocarpus heterophyllus",7768,83.0769230769231,NA,1,"jackfruit"
"Artocarpus heterophyllus",7807,69.2307692307692,NA,1,"jackfruit"
"Artocarpus heterophyllus",7919,145.384615384615,NA,1,"jackfruit"
"Artocarpus heterophyllus",7921,145.384615384615,NA,1,"jackfruit"
"Artocarpus heterophyllus",7937,138.461538461538,NA,1,"jackfruit"
"Artocarpus heterophyllus",7972,72.6923076923077,63.6396103067893,2,"jackfruit"
"Artocarpus heterophyllus",7983,48.4615384615385,NA,1,"jackfruit"
"Artocarpus heterophyllus",7995,103.846153846154,NA,1,"jackfruit"
"Artocarpus heterophyllus",8137,207.692307692308,NA,1,"jackfruit"
"Artocarpus heterophyllus",8170,155.769230769231,83.2210288627245,2,"jackfruit"
"Artocarpus heterophyllus",8197,96.9230769230769,NA,1,"jackfruit"
"Artocarpus heterophyllus",8216,115.961538461538,58.0259582800623,4,"jackfruit"
"Artocarpus heterophyllus",8221,83.0769230769231,NA,1,"jackfruit"
"Artocarpus heterophyllus",8233,143.076923076923,47.2936189198135,6,"jackfruit"
"Artocarpus heterophyllus",8250,159.230769230769,78.3256742237406,2,"jackfruit"
"Artocarpus heterophyllus",8277,103.846153846154,NA,1,"jackfruit"
"Artocarpus heterophyllus",8283,103.846153846154,NA,1,"jackfruit"
"Artocarpus heterophyllus",8298,83.0769230769231,NA,1,"jackfruit"
"Artocarpus heterophyllus",8311,200.769230769231,NA,1,"jackfruit"
"Artocarpus heterophyllus",8313,180,NA,1,"jackfruit"
"Artocarpus heterophyllus",8330,96.9230769230769,NA,1,"jackfruit"
"Artocarpus heterophyllus",8419,20.7692307692308,NA,1,"jackfruit"
"Artocarpus heterophyllus",8442,117.692307692308,47.4622241566226,5,"jackfruit"
"Artocarpus heterophyllus",8456,141.923076923077,35.7729526599613,6,"jackfruit"
"Artocarpus heterophyllus",8464,143.076923076923,30.2298884193467,6,"jackfruit"
"Artocarpus heterophyllus",8509,90,NA,1,"jackfruit"
"Artocarpus heterophyllus",8529,114.230769230769,53.8489010288217,2,"jackfruit"
"Artocarpus heterophyllus",8540,117.692307692308,NA,1,"jackfruit"
"Artocarpus heterophyllus",8559,41.5384615384615,NA,1,"jackfruit"
"Artocarpus heterophyllus",8628,131.538461538462,39.1628371118703,2,"jackfruit"
"Artocarpus heterophyllus",8629,231.923076923077,14.6860639169514,2,"jackfruit"
"Artocarpus heterophyllus",8643,122.307692307692,58.8800807177219,3,"jackfruit"
"Artocarpus heterophyllus",8644,115.384615384615,59.6885407217426,3,"jackfruit"
"Artocarpus heterophyllus",8646,92.3076923076923,63.9526452025432,3,"jackfruit"
"Artocarpus heterophyllus",8647,73.8461538461539,40.5655288413391,3,"jackfruit"
"Artocarpus heterophyllus",8658,152.307692307692,40.7619732292055,4,"jackfruit"
"Artocarpus heterophyllus",8660,228.461538461538,NA,1,"jackfruit"
"Artocarpus heterophyllus",8663,138.461538461538,39.1628371118703,2,"jackfruit"
"Artocarpus heterophyllus",8711,205.384615384615,40.5655288413391,3,"jackfruit"
"Artocarpus heterophyllus",8739,110.769230769231,NA,1,"jackfruit"
"Artocarpus heterophyllus",8748,110.769230769231,NA,1,"jackfruit"
"Artocarpus heterophyllus",8755,76.1538461538461,NA,1,"jackfruit"
"Artocarpus heterophyllus",8756,152.307692307692,NA,1,"jackfruit"
"Artocarpus heterophyllus",8758,110.769230769231,NA,1,"jackfruit"
"Artocarpus heterophyllus",8772,96.9230769230769,NA,1,"jackfruit"
"Artocarpus heterophyllus",8778,193.846153846154,NA,1,"jackfruit"
"Artocarpus heterophyllus",8788,69.2307692307692,NA,1,"jackfruit"
"Artocarpus heterophyllus",8801,69.2307692307692,NA,1,"jackfruit"
"Artocarpus heterophyllus",8823,152.307692307692,NA,1,"jackfruit"
"Artocarpus heterophyllus",8824,131.538461538462,48.9535463898379,2,"jackfruit"
"Artocarpus heterophyllus",8859,124.615384615385,NA,1,"jackfruit"
"Artocarpus heterophyllus",8913,124.615384615385,NA,1,"jackfruit"
"Artocarpus heterophyllus",8916,166.153846153846,29.3721278339028,2,"jackfruit"
"Artocarpus heterophyllus",8959,211.153846153846,132.174575252562,2,"jackfruit"
"Artocarpus heterophyllus",8962,135,14.6860639169513,2,"jackfruit"
"Artocarpus heterophyllus",9021,173.076923076923,244.76773194919,2,"jackfruit"
"Artocarpus heterophyllus",9053,228.461538461538,NA,1,"jackfruit"
"Artocarpus heterophyllus",9075,138.461538461538,NA,1,"jackfruit"
"Artocarpus heterophyllus",9077,228.461538461538,NA,1,"jackfruit"
"Artocarpus heterophyllus",9109,200.769230769231,NA,1,"jackfruit"
"Artocarpus heterophyllus",9125,166.153846153846,NA,1,"jackfruit"
"Artocarpus heterophyllus",9126,166.153846153846,NA,1,"jackfruit"
"Artocarpus heterophyllus",9138,166.153846153846,NA,1,"jackfruit"
"Artocarpus heterophyllus",9142,214.615384615385,NA,1,"jackfruit"
"Artocarpus heterophyllus",9158,180,137.069929891546,2,"jackfruit"
"Artocarpus heterophyllus",9175,270,NA,1,"jackfruit"
"Artocarpus heterophyllus",9190,186.923076923077,NA,1,"jackfruit"
"Artocarpus heterophyllus",9251,173.076923076923,NA,1,"jackfruit"
"Artocarpus heterophyllus",9292,166.153846153846,NA,1,"jackfruit"
"Artocarpus heterophyllus",9355,69.2307692307692,NA,1,"jackfruit"
"Artocarpus heterophyllus",9424,69.2307692307692,NA,1,"jackfruit"
"Artocarpus heterophyllus",9425,62.3076923076923,NA,1,"jackfruit"
"Artocarpus heterophyllus",9431,69.2307692307692,NA,1,"jackfruit"
"Artocarpus heterophyllus",9432,48.4615384615385,NA,1,"jackfruit"
"Artocarpus heterophyllus",9433,55.3846153846154,NA,1,"jackfruit"
"Artocarpus heterophyllus",9454,152.307692307692,NA,1,"jackfruit"
"Artocarpus heterophyllus",9458,175.384615384615,58.0603644249652,3,"jackfruit"
"Artocarpus heterophyllus",9471,156.923076923077,3.99704032515894,3,"jackfruit"
"Artocarpus heterophyllus",9475,184.615384615385,24.3130471219679,3,"jackfruit"
"Artocarpus heterophyllus",9501,180,NA,1,"jackfruit"
"Artocarpus heterophyllus",9515,117.692307692308,NA,1,"jackfruit"
"Artocarpus heterophyllus",9681,207.692307692308,NA,1,"jackfruit"
"Artocarpus heterophyllus",9801,34.6153846153846,48.9535463898379,2,"jackfruit"
"Artocarpus heterophyllus",9981,166.153846153846,NA,1,"jackfruit"
"Artocarpus heterophyllus",10052,124.615384615385,NA,1,"jackfruit"
"Artocarpus heterophyllus",10058,138.461538461538,NA,1,"jackfruit"
"Artocarpus heterophyllus",10090,173.076923076923,NA,1,"jackfruit"
"Artocarpus heterophyllus",10092,126.346153846154,31.1538461538461,4,"jackfruit"
"Artocarpus heterophyllus",10094,124.615384615385,NA,1,"jackfruit"
"Artocarpus heterophyllus",10095,121.153846153846,40.9574754214589,4,"jackfruit"
"Artocarpus heterophyllus",10107,121.153846153846,40.9574754214589,4,"jackfruit"
"Artocarpus heterophyllus",10108,149.538461538462,45.5557399653104,5,"jackfruit"
"Artocarpus heterophyllus",10113,126.346153846154,31.1538461538461,4,"jackfruit"
"Artocarpus heterophyllus",10116,124.615384615385,18.3167398458318,3,"jackfruit"
"Artocarpus heterophyllus",10117,120,34.8453897012496,3,"jackfruit"
"Artocarpus heterophyllus",10118,140.192307692308,51.9230769230769,4,"jackfruit"
"Artocarpus heterophyllus",10119,109.038461538462,34.5576441504737,4,"jackfruit"
"Artocarpus heterophyllus",10121,93.4615384615385,39.7700490914171,4,"jackfruit"
"Artocarpus heterophyllus",10123,145.384615384615,31.725524042002,3,"jackfruit"
"Artocarpus heterophyllus",10143,188.653846153846,92.4302071579755,4,"jackfruit"
"Artocarpus heterophyllus",10144,124.615384615385,NA,1,"jackfruit"
"Artocarpus heterophyllus",10148,103.846153846154,NA,1,"jackfruit"
"Artocarpus heterophyllus",10150,124.615384615385,NA,1,"jackfruit"
"Artocarpus heterophyllus",10159,124.615384615385,18.3167398458318,3,"jackfruit"
"Artocarpus heterophyllus",10189,156.923076923077,73.3759065950061,3,"jackfruit"
"Artocarpus heterophyllus",10197,117.692307692308,NA,1,"jackfruit"
"Artocarpus heterophyllus",10207,99.2307692307692,52.8758734033366,3,"jackfruit"
"Artocarpus heterophyllus",10209,117.692307692308,NA,1,"jackfruit"
"Artocarpus heterophyllus",10215,159.230769230769,90.2658794566521,4,"jackfruit"
"Artocarpus heterophyllus",10219,145.384615384615,NA,1,"jackfruit"
"Artocarpus heterophyllus",10299,103.846153846154,NA,1,"jackfruit"
"Artocarpus heterophyllus",10322,193.846153846154,9.79070927796758,2,"jackfruit"
"Artocarpus heterophyllus",10355,133.846153846154,56.3851925670952,3,"jackfruit"
"Artocarpus heterophyllus",10356,145.384615384615,NA,1,"jackfruit"
"Artocarpus heterophyllus",10357,117.692307692308,NA,1,"jackfruit"
"Artocarpus heterophyllus",10359,135,14.6860639169513,2,"jackfruit"
"Artocarpus heterophyllus",10364,135,14.6860639169513,2,"jackfruit"
"Artocarpus heterophyllus",10376,147.692307692308,62.435765808317,3,"jackfruit"
"Artocarpus heterophyllus",10378,152.307692307692,NA,1,"jackfruit"
"Artocarpus heterophyllus",10407,159.230769230769,NA,1,"jackfruit"
"Artocarpus heterophyllus",10417,186.923076923077,NA,1,"jackfruit"
"Artocarpus heterophyllus",10450,124.615384615385,NA,1,"jackfruit"
"Artocarpus heterophyllus",10509,124.615384615385,NA,1,"jackfruit"
"Artocarpus heterophyllus",10546,152.307692307692,NA,1,"jackfruit"
"Artocarpus heterophyllus",10585,145.384615384615,58.7442556678055,2,"jackfruit"
"Artocarpus heterophyllus",10598,155.769230769231,4.89535463898378,2,"jackfruit"
"Artocarpus heterophyllus",10602,110.769230769231,45.3976513220908,3,"jackfruit"
"Artocarpus heterophyllus",10609,48.4615384615385,NA,1,"jackfruit"
"Artocarpus heterophyllus",10615,115.384615384615,42.3006987226693,3,"jackfruit"
"Artocarpus heterophyllus",10625,140.192307692308,108.049544848703,4,"jackfruit"
"Artocarpus heterophyllus",10629,186.923076923077,NA,1,"jackfruit"
"Artocarpus heterophyllus",10637,191.538461538462,34.1507275083432,3,"jackfruit"
"Artocarpus heterophyllus",10658,155.769230769231,34.2674824728865,2,"jackfruit"
"Artocarpus heterophyllus",10748,124.615384615385,47.9644839019074,3,"jackfruit"
"Artocarpus heterophyllus",10768,90,NA,1,"jackfruit"
"Artocarpus heterophyllus",10803,120,10.5751746806673,3,"jackfruit"
"Artocarpus heterophyllus",10817,126.346153846154,49.0757776572386,4,"jackfruit"
"Artocarpus heterophyllus",10841,94.6153846153846,17.4226948506248,3,"jackfruit"
"Artocarpus heterophyllus",10901,55.3846153846154,NA,1,"jackfruit"
"Artocarpus heterophyllus",10908,186.923076923077,NA,1,"jackfruit"
"Artocarpus heterophyllus",10916,140.769230769231,24.3130471219679,3,"jackfruit"
"Artocarpus heterophyllus",10917,154.615384615385,17.4226948506248,3,"jackfruit"
"Artocarpus heterophyllus",10918,131.538461538462,187.435195901735,3,"jackfruit"
"Artocarpus heterophyllus",10919,31.1538461538462,44.0581917508541,2,"jackfruit"
"Artocarpus heterophyllus",10920,145.384615384615,38.5460609734386,3,"jackfruit"
"Artocarpus heterophyllus",10921,131.538461538462,9.79070927796756,2,"jackfruit"
"Artocarpus heterophyllus",10922,6.92307692307693,NA,1,"jackfruit"
"Artocarpus heterophyllus",10923,155.769230769231,4.89535463898378,2,"jackfruit"
"Artocarpus heterophyllus",10930,76.1538461538462,9.7907092779676,2,"jackfruit"
"Artocarpus heterophyllus",10949,117.692307692308,30.1769926860508,3,"jackfruit"
"Artocarpus heterophyllus",10953,121.153846153846,14.6860639169514,2,"jackfruit"
"Artocarpus heterophyllus",10962,117.692307692308,NA,1,"jackfruit"
"Artocarpus heterophyllus",10964,145.384615384615,NA,1,"jackfruit"
"Artocarpus heterophyllus",11024,162.692307692308,53.8489010288217,2,"jackfruit"
"Artocarpus heterophyllus",11027,122.884615384615,52.2298629127213,4,"jackfruit"
"Artocarpus heterophyllus",11030,200.769230769231,0,3,"jackfruit"
"Artocarpus heterophyllus",11122,76.1538461538461,NA,1,"jackfruit"
"Artocarpus heterophyllus",11174,228.461538461538,NA,1,"jackfruit"
"Artocarpus heterophyllus",11179,221.538461538462,NA,1,"jackfruit"
"Artocarpus heterophyllus",11189,124.615384615385,NA,1,"jackfruit"
"Artocarpus heterophyllus",11222,90,NA,1,"jackfruit"
"Artocarpus heterophyllus",11224,96.9230769230769,9.7907092779676,2,"jackfruit"
"Artocarpus heterophyllus",11390,176.538461538462,63.6396103067893,2,"jackfruit"
"Artocarpus heterophyllus",11403,152.307692307692,NA,1,"jackfruit"
"Artocarpus heterophyllus",11406,242.307692307692,NA,1,"jackfruit"
"Artocarpus heterophyllus",11421,117.692307692308,NA,1,"jackfruit"
"Artocarpus heterophyllus",11423,76.1538461538461,NA,1,"jackfruit"
"Artocarpus heterophyllus",11427,180,48.9535463898379,2,"jackfruit"
"Artocarpus heterophyllus",11442,170.769230769231,82.5947546223382,3,"jackfruit"
"Artocarpus heterophyllus",11449,196.153846153846,31.2178829041585,3,"jackfruit"
"Artocarpus heterophyllus",11453,180,NA,1,"jackfruit"
"Artocarpus heterophyllus",11481,148.846153846154,6.92307692307693,4,"jackfruit"
"Artocarpus heterophyllus",11484,167.884615384615,26.7383774452072,4,"jackfruit"
"Artocarpus heterophyllus",11485,154.615384615385,3.99704032515894,3,"jackfruit"
"Artocarpus heterophyllus",11489,138.461538461538,30.1769926860508,3,"jackfruit"
"Artocarpus heterophyllus",11493,69.2307692307692,NA,1,"jackfruit"
"Artocarpus heterophyllus",11516,200.769230769231,NA,1,"jackfruit"
"Artocarpus heterophyllus",11526,152.307692307692,NA,1,"jackfruit"
"Artocarpus heterophyllus",11547,124.615384615385,NA,1,"jackfruit"
"Artocarpus heterophyllus",11555,124.615384615385,NA,1,"jackfruit"
"Artocarpus heterophyllus",11572,124.615384615385,NA,1,"jackfruit"
"Artocarpus heterophyllus",11600,150,64.3262762989216,3,"jackfruit"
"Artocarpus heterophyllus",11601,159.230769230769,NA,1,"jackfruit"
"Artocarpus heterophyllus",11633,166.153846153846,NA,1,"jackfruit"
"Artocarpus heterophyllus",11740,48.4615384615385,NA,1,"jackfruit"
"Artocarpus heterophyllus",11863,159.230769230769,NA,1,"jackfruit"
"Artocarpus heterophyllus",11885,13.8461538461538,NA,1,"jackfruit"
"Artocarpus heterophyllus",11917,117.692307692308,NA,1,"jackfruit"
"Artocarpus heterophyllus",11920,96.9230769230769,NA,1,"jackfruit"
"Artocarpus heterophyllus",11921,138.461538461538,NA,1,"jackfruit"
"Artocarpus heterophyllus",11924,138.461538461538,NA,1,"jackfruit"
"Artocarpus heterophyllus",11951,200.769230769231,88.1163835017082,2,"jackfruit"
"Artocarpus heterophyllus",11968,90,NA,1,"jackfruit"
"Artocarpus heterophyllus",11977,138.461538461538,NA,1,"jackfruit"
"Artocarpus heterophyllus",12018,173.076923076923,NA,1,"jackfruit"
"Artocarpus heterophyllus",12064,124.615384615385,29.3721278339027,2,"jackfruit"
"Artocarpus heterophyllus",12097,249.230769230769,NA,1,"jackfruit"
"Artocarpus heterophyllus",12100,177.692307692308,38.1293345581346,3,"jackfruit"
"Artocarpus heterophyllus",12101,166.153846153846,77.0921219468772,3,"jackfruit"
"Artocarpus heterophyllus",12140,173.076923076923,78.3256742237406,2,"jackfruit"
"Artocarpus heterophyllus",12141,162.692307692308,102.80244741866,2,"jackfruit"
"Artocarpus heterophyllus",12203,173.076923076923,NA,1,"jackfruit"
"Artocarpus heterophyllus",12205,276.923076923077,NA,1,"jackfruit"
"Artocarpus heterophyllus",12218,138.461538461538,NA,1,"jackfruit"
"Artocarpus heterophyllus",12219,221.538461538462,NA,1,"jackfruit"
"Artocarpus heterophyllus",12260,138.461538461538,83.9378468283379,3,"jackfruit"
"Artocarpus heterophyllus",12262,242.307692307692,13.8461538461539,3,"jackfruit"
"Artocarpus heterophyllus",12263,170.769230769231,55.5286588408429,3,"jackfruit"
"Artocarpus heterophyllus",12317,145.384615384615,48.9535463898379,2,"jackfruit"
"Artocarpus heterophyllus",12337,27.6923076923077,39.1628371118703,2,"jackfruit"
"Artocarpus heterophyllus",12338,120.461538461538,48.1141394415528,5,"jackfruit"
"Artocarpus heterophyllus",12349,145.384615384615,19.5814185559352,2,"jackfruit"
"Artocarpus heterophyllus",12354,20.7692307692308,NA,1,"jackfruit"
"Artocarpus heterophyllus",12355,120,107.326301116001,3,"jackfruit"
"Artocarpus heterophyllus",12356,218.076923076923,44.0581917508541,2,"jackfruit"
"Artocarpus heterophyllus",12358,186.923076923077,29.3721278339027,2,"jackfruit"
"Artocarpus heterophyllus",12371,138.461538461538,NA,1,"jackfruit"
"Artocarpus heterophyllus",12373,96.9230769230769,39.1628371118703,2,"jackfruit"
"Artocarpus heterophyllus",12447,164.423076923077,39.7198026416735,4,"jackfruit"
"Artocarpus heterophyllus",12478,152.307692307692,NA,1,"jackfruit"
"Artocarpus heterophyllus",12483,182.307692307692,19.9852016257947,3,"jackfruit"
"Artocarpus heterophyllus",12484,117.692307692308,NA,1,"jackfruit"
"Artocarpus heterophyllus",12486,228.461538461538,NA,1,"jackfruit"
"Artocarpus heterophyllus",12655,103.846153846154,NA,1,"jackfruit"
"Artocarpus heterophyllus",12672,145.384615384615,9.7907092779676,2,"jackfruit"
"Artocarpus heterophyllus",12691,173.076923076923,NA,1,"jackfruit"
"Artocarpus heterophyllus",12811,193.846153846154,NA,1,"jackfruit"
"Artocarpus heterophyllus",13095,175.384615384615,67.2406259276929,3,"jackfruit"
"Artocarpus heterophyllus",13257,256.153846153846,68.5349649457731,2,"jackfruit"
"Artocarpus heterophyllus",14619,186.923076923077,NA,1,"jackfruit"
"Artocarpus heterophyllus",19593,143.076923076923,55.9585645522253,3,"jackfruit"
"Artocarpus heterophyllus",21330,133.846153846154,39.3662817905353,3,"jackfruit"
"Artocarpus heterophyllus",24684,0,NA,1,"jackfruit"
"Artocarpus heterophyllus",25027,166.153846153846,NA,1,"jackfruit"
"Artocarpus heterophyllus",25864,186.923076923077,NA,1,"jackfruit"
"Artocarpus heterophyllus",28514,193.846153846154,NA,1,"jackfruit"
"Artocarpus heterophyllus",28544,83.0769230769231,NA,1,"jackfruit"
"Artocarpus heterophyllus",29349,193.846153846154,NA,1,"jackfruit"
"Artocarpus heterophyllus",29465,173.076923076923,39.1628371118703,2,"jackfruit"
"Artocarpus heterophyllus",29467,207.692307692308,NA,1,"jackfruit"
"Artocarpus heterophyllus",29495,155.076923076923,58.2526632958965,5,"jackfruit"
"Artocarpus heterophyllus",29496,150,62.8184196406901,3,"jackfruit"
"Artocarpus heterophyllus",29497,190.384615384615,44.0581917508541,2,"jackfruit"
"Artocarpus heterophyllus",29498,166.153846153846,NA,1,"jackfruit"
"Artocarpus heterophyllus",29499,181.730769230769,67.9202891665912,4,"jackfruit"
"Artocarpus heterophyllus",29500,175.846153846154,92.4431698124335,5,"jackfruit"
"Artocarpus heterophyllus",29529,140.769230769231,170.191329853775,3,"jackfruit"
"Artocarpus heterophyllus",29543,121.153846153846,53.8489010288217,2,"jackfruit"
"Artocarpus heterophyllus",29544,27.6923076923077,NA,1,"jackfruit"
"Artocarpus heterophyllus",29545,152.307692307692,9.7907092779676,2,"jackfruit"
"Artocarpus heterophyllus",29594,169.615384615385,34.2674824728865,2,"jackfruit"
"Artocarpus heterophyllus",29595,169.615384615385,132.174575252562,2,"jackfruit"
"Artocarpus heterophyllus",29736,145.384615384615,90.5309780581524,3,"jackfruit"
"Artocarpus heterophyllus",29872,159.230769230769,9.79070927796756,2,"jackfruit"
"Artocarpus heterophyllus",29907,152.307692307692,9.7907092779676,2,"jackfruit"
"Artocarpus heterophyllus",29910,159.230769230769,NA,1,"jackfruit"
"Artocarpus heterophyllus",30066,159.230769230769,NA,1,"jackfruit"
"Artocarpus heterophyllus",30078,93.4615384615385,83.2210288627245,2,"jackfruit"
"Artocarpus heterophyllus",30336,221.538461538462,NA,1,"jackfruit"
"Artocarpus heterophyllus",30364,152.307692307692,NA,1,"jackfruit"
"Artocarpus heterophyllus",30368,138.461538461538,NA,1,"jackfruit"
"Artocarpus heterophyllus",30391,186.923076923077,NA,1,"jackfruit"
"Artocarpus heterophyllus",30417,107.307692307692,122.383865974595,2,"jackfruit"
"Artocarpus heterophyllus",30454,152.307692307692,NA,1,"jackfruit"
"Artocarpus heterophyllus",45931,148.846153846154,4.89535463898382,2,"jackfruit"
"Artocarpus heterophyllus",45932,147.692307692308,7.99408065031791,3,"jackfruit"
"Artocarpus heterophyllus",45942,138.461538461538,NA,1,"jackfruit"
"Artocarpus heterophyllus",45986,193.846153846154,NA,1,"jackfruit"
"Artocarpus heterophyllus",56650,210,122.351225924414,3,"jackfruit"
"Artocarpus heterophyllus",67788,339.230769230769,NA,1,"jackfruit"
"Artocarpus heterophyllus",67906,6.92307692307693,NA,1,"jackfruit"
"Artocarpus heterophyllus",67987,48.4615384615385,NA,1,"jackfruit"
"Artocarpus heterophyllus",68020,117.692307692308,NA,1,"jackfruit"
"Artocarpus heterophyllus",68027,117.692307692308,NA,1,"jackfruit"
"Artocarpus heterophyllus",68200,138.461538461538,NA,1,"jackfruit"
"Artocarpus heterophyllus",68224,166.153846153846,NA,1,"jackfruit"
"Artocarpus heterophyllus",68228,166.153846153846,NA,1,"jackfruit"
"Artocarpus heterophyllus",68231,173.076923076923,NA,1,"jackfruit"
"Artocarpus heterophyllus",68258,69.2307692307692,NA,1,"jackfruit"
"Artocarpus heterophyllus",68266,193.846153846154,48.9535463898379,2,"jackfruit"
"Artocarpus heterophyllus",68296,169.615384615385,14.6860639169514,2,"jackfruit"
"Artocarpus heterophyllus",68328,48.4615384615385,NA,1,"jackfruit"
"Artocarpus heterophyllus",68336,55.3846153846154,NA,1,"jackfruit"
"Artocarpus heterophyllus",68343,173.076923076923,NA,1,"jackfruit"
"Artocarpus heterophyllus",76482,96.9230769230769,0,2,"jackfruit"
"Artocarpus heterophyllus",77522,207.692307692308,NA,1,"jackfruit"
"Artocarpus heterophyllus",78406,166.153846153846,NA,1,"jackfruit"
"Artocarpus heterophyllus",78407,186.923076923077,NA,1,"jackfruit"
"Artocarpus heterophyllus",84800,166.153846153846,NA,1,"jackfruit"
"Artocarpus heterophyllus",84869,180,NA,1,"jackfruit"
"Artocarpus heterophyllus",84932,242.307692307692,NA,1,"jackfruit"
"Artocarpus heterophyllus",85073,138.461538461538,NA,1,"jackfruit"
"Artocarpus heterophyllus",85274,124.615384615385,48.9535463898379,2,"jackfruit"
"Artocarpus heterophyllus",87481,242.307692307692,NA,1,"jackfruit"
"Artocarpus heterophyllus",88532,207.692307692308,NA,1,"jackfruit"
"Artocarpus heterophyllus",90347,128.076923076923,73.4303195847569,2,"jackfruit"
"Artocarpus heterophyllus",92421,159.230769230769,NA,1,"jackfruit"
"Artocarpus heterophyllus",92422,159.230769230769,NA,1,"jackfruit"
"Artocarpus heterophyllus",92807,69.2307692307692,NA,1,"jackfruit"
"Artocarpus heterophyllus",92901,193.846153846154,NA,1,"jackfruit"
"Artocarpus heterophyllus",92904,207.692307692308,NA,1,"jackfruit"
"Artocarpus heterophyllus",92970,145.384615384615,29.3721278339027,2,"jackfruit"
"Artocarpus heterophyllus",93016,128.076923076923,4.89535463898378,2,"jackfruit"
"Artocarpus heterophyllus",93019,166.153846153846,9.7907092779676,2,"jackfruit"
"Artocarpus heterophyllus",93179,235.384615384615,NA,1,"jackfruit"
"Artocarpus heterophyllus",93203,207.692307692308,NA,1,"jackfruit"
"Artocarpus heterophyllus",93223,207.692307692308,NA,1,"jackfruit"
"Artocarpus heterophyllus",93225,145.384615384615,NA,1,"jackfruit"
"Artocarpus heterophyllus",93293,76.1538461538461,NA,1,"jackfruit"
"Artocarpus heterophyllus",93307,183.461538461538,34.2674824728865,2,"jackfruit"
"Artocarpus heterophyllus",93321,83.0769230769231,NA,1,"jackfruit"
"Artocarpus heterophyllus",93368,235.384615384615,NA,1,"jackfruit"
"Artocarpus heterophyllus",93415,124.615384615385,9.7907092779676,2,"jackfruit"
"Artocarpus heterophyllus",93418,148.846153846154,93.011738140692,2,"jackfruit"
"Artocarpus heterophyllus",93422,83.0769230769231,NA,1,"jackfruit"
"Artocarpus heterophyllus",93491,166.153846153846,NA,1,"jackfruit"
"Artocarpus heterophyllus",93523,145.384615384615,NA,1,"jackfruit"
"Artocarpus heterophyllus",93655,103.846153846154,NA,1,"jackfruit"
"Artocarpus heterophyllus",93656,235.384615384615,NA,1,"jackfruit"
"Artocarpus heterophyllus",93662,138.461538461538,NA,1,"jackfruit"
"Artocarpus heterophyllus",93861,207.692307692308,NA,1,"jackfruit"
"Artocarpus heterophyllus",93939,159.230769230769,NA,1,"jackfruit"
"Artocarpus heterophyllus",94025,152.307692307692,NA,1,"jackfruit"
"Artocarpus heterophyllus",94027,152.307692307692,NA,1,"jackfruit"
"Artocarpus heterophyllus",94049,103.846153846154,NA,1,"jackfruit"
"Artocarpus heterophyllus",94050,103.846153846154,NA,1,"jackfruit"
"Artocarpus heterophyllus",94102,117.692307692308,NA,1,"jackfruit"
"Artocarpus heterophyllus",94298,190.384615384615,4.89535463898378,2,"jackfruit"
"Artocarpus heterophyllus",94367,304.615384615385,NA,1,"jackfruit"
"Artocarpus heterophyllus",94471,103.846153846154,NA,1,"jackfruit"
"Artocarpus heterophyllus",94619,58.8461538461539,63.6396103067893,2,"jackfruit"
"Artocarpus heterophyllus",94653,6.92307692307693,NA,1,"jackfruit"
"Artocarpus heterophyllus",94656,103.846153846154,137.069929891546,2,"jackfruit"
"Artocarpus heterophyllus",94804,200.769230769231,NA,1,"jackfruit"
"Artocarpus heterophyllus",94806,48.4615384615385,NA,1,"jackfruit"
"Artocarpus heterophyllus",94820,110.769230769231,NA,1,"jackfruit"
"Artocarpus heterophyllus",94892,159.230769230769,NA,1,"jackfruit"
"Artocarpus heterophyllus",94901,117.692307692308,NA,1,"jackfruit"
"Artocarpus heterophyllus",94915,166.153846153846,NA,1,"jackfruit"
"Artocarpus heterophyllus",94921,159.230769230769,NA,1,"jackfruit"
"Artocarpus heterophyllus",94923,200.769230769231,NA,1,"jackfruit"
"Artocarpus heterophyllus",94925,235.384615384615,NA,1,"jackfruit"
"Artocarpus heterophyllus",94955,180,NA,1,"jackfruit"
"Artocarpus heterophyllus",94973,214.615384615385,NA,1,"jackfruit"
"Artocarpus heterophyllus",95049,207.692307692308,NA,1,"jackfruit"
"Artocarpus heterophyllus",95070,200.769230769231,NA,1,"jackfruit"
"Artocarpus heterophyllus",95073,152.307692307692,NA,1,"jackfruit"
"Artocarpus heterophyllus",95135,159.230769230769,NA,1,"jackfruit"
"Artocarpus heterophyllus",95145,214.615384615385,NA,1,"jackfruit"
"Artocarpus heterophyllus",95255,138.461538461538,NA,1,"jackfruit"
"Artocarpus heterophyllus",95275,110.769230769231,NA,1,"jackfruit"
"Artocarpus heterophyllus",95305,117.692307692308,NA,1,"jackfruit"
"Artocarpus heterophyllus",95377,173.076923076923,NA,1,"jackfruit"
"Artocarpus heterophyllus",95421,110.769230769231,NA,1,"jackfruit"
"Artocarpus heterophyllus",95426,152.307692307692,NA,1,"jackfruit"
"Artocarpus heterophyllus",95517,207.692307692308,NA,1,"jackfruit"
"Artocarpus heterophyllus",95708,200.769230769231,NA,1,"jackfruit"
"Artocarpus heterophyllus",95730,138.461538461538,NA,1,"jackfruit"
"Artocarpus heterophyllus",95776,124.615384615385,NA,1,"jackfruit"
"Artocarpus heterophyllus",95777,117.692307692308,NA,1,"jackfruit"
"Artocarpus heterophyllus",95780,169.615384615385,24.476773194919,2,"jackfruit"
"Artocarpus heterophyllus",95817,207.692307692308,NA,1,"jackfruit"
"Artocarpus heterophyllus",95827,145.384615384615,NA,1,"jackfruit"
"Artocarpus heterophyllus",95828,145.384615384615,NA,1,"jackfruit"
"Artocarpus heterophyllus",95838,117.692307692308,NA,1,"jackfruit"
"Artocarpus heterophyllus",95849,107.307692307692,34.2674824728865,2,"jackfruit"
"Artocarpus heterophyllus",95910,193.846153846154,NA,1,"jackfruit"
"Artocarpus heterophyllus",95915,41.5384615384615,NA,1,"jackfruit"
"Artocarpus heterophyllus",95936,138.461538461538,NA,1,"jackfruit"
"Artocarpus heterophyllus",95947,124.615384615385,NA,1,"jackfruit"
"Artocarpus heterophyllus",95951,124.615384615385,NA,1,"jackfruit"
"Artocarpus heterophyllus",95984,297.692307692308,NA,1,"jackfruit"
"Artocarpus heterophyllus",95993,242.307692307692,NA,1,"jackfruit"
"Artocarpus heterophyllus",96061,0,NA,1,"jackfruit"
"Artocarpus heterophyllus",96078,138.461538461538,NA,1,"jackfruit"
"Artocarpus heterophyllus",96097,166.153846153846,NA,1,"jackfruit"
"Artocarpus heterophyllus",96099,214.615384615385,NA,1,"jackfruit"
"Artocarpus heterophyllus",96102,221.538461538462,9.79070927796758,2,"jackfruit"
"Artocarpus heterophyllus",96108,193.846153846154,NA,1,"jackfruit"
"Artocarpus heterophyllus",96391,193.846153846154,NA,1,"jackfruit"
"Artocarpus heterophyllus",96410,152.307692307692,NA,1,"jackfruit"
"Artocarpus heterophyllus",97205,117.692307692308,NA,1,"jackfruit"
"Artocarpus heterophyllus",97207,200.769230769231,NA,1,"jackfruit"
"Artocarpus heterophyllus",100371,200.769230769231,NA,1,"jackfruit"
"Artocarpus heterophyllus",100717,20.7692307692308,NA,1,"jackfruit"
"Artocarpus heterophyllus",100969,145.384615384615,NA,1,"jackfruit"
"Artocarpus heterophyllus",100973,159.230769230769,NA,1,"jackfruit"
"Artocarpus heterophyllus",100975,180,NA,1,"jackfruit"
"Artocarpus heterophyllus",101054,166.153846153846,NA,1,"jackfruit"
"Artocarpus heterophyllus",101055,13.8461538461538,NA,1,"jackfruit"
"Artocarpus heterophyllus",101335,235.384615384615,NA,1,"jackfruit"
"Artocarpus heterophyllus",101407,180,NA,1,"jackfruit"
"Artocarpus heterophyllus",101547,145.384615384615,NA,1,"jackfruit"
"Artocarpus heterophyllus",101652,76.1538461538461,NA,1,"jackfruit"
"Artocarpus heterophyllus",101700,186.923076923077,NA,1,"jackfruit"
"Artocarpus heterophyllus",101744,69.2307692307692,NA,1,"jackfruit"
"Artocarpus heterophyllus",101932,117.692307692308,NA,1,"jackfruit"
"Artocarpus heterophyllus",101947,166.153846153846,NA,1,"jackfruit"
"Artocarpus heterophyllus",101960,221.538461538462,NA,1,"jackfruit"
"Artocarpus heterophyllus",101961,90,NA,1,"jackfruit"
"Artocarpus heterophyllus",102198,76.1538461538461,NA,1,"jackfruit"
"Artocarpus heterophyllus",102859,117.692307692308,NA,1,"jackfruit"
"Artocarpus heterophyllus",102866,69.2307692307692,NA,1,"jackfruit"
"Artocarpus heterophyllus",103168,180,NA,1,"jackfruit"
"Artocarpus heterophyllus",103493,96.9230769230769,NA,1,"jackfruit"
"Artocarpus heterophyllus",104033,214.615384615385,NA,1,"jackfruit"
"Artocarpus heterophyllus",104567,207.692307692308,NA,1,"jackfruit"
"Artocarpus heterophyllus",104676,159.230769230769,NA,1,"jackfruit"
"Artocarpus heterophyllus",104783,228.461538461538,NA,1,"jackfruit"
"Artocarpus heterophyllus",104889,152.307692307692,NA,1,"jackfruit"
"Artocarpus heterophyllus",105882,159.230769230769,NA,1,"jackfruit"
"Artocarpus heterophyllus",106204,145.384615384615,NA,1,"jackfruit"
"Artocarpus heterophyllus",106797,180,NA,1,"jackfruit"
"Artocarpus heterophyllus",108152,256.153846153846,NA,1,"jackfruit"
"Artocarpus heterophyllus",108953,207.692307692308,NA,1,"jackfruit"
"Artocarpus heterophyllus",109319,152.307692307692,NA,1,"jackfruit"
"Artocarpus heterophyllus",110260,131.538461538462,NA,1,"jackfruit"
"Artocarpus heterophyllus",110473,0,NA,1,"jackfruit"
"Artocarpus heterophyllus",110874,235.384615384615,NA,1,"jackfruit"
"Artocarpus heterophyllus",110917,221.538461538462,NA,1,"jackfruit"
"Artocarpus heterophyllus",111051,214.615384615385,NA,1,"jackfruit"
"Artocarpus heterophyllus",111269,235.384615384615,NA,1,"jackfruit"
"Artocarpus heterophyllus",111296,34.6153846153846,NA,1,"jackfruit"
"Artocarpus heterophyllus",111728,138.461538461538,NA,1,"jackfruit"
"Artocarpus heterophyllus",111825,200.769230769231,NA,1,"jackfruit"
"Artocarpus heterophyllus",112233,159.230769230769,NA,1,"jackfruit"
"Mangifera indica",1602,131.538461538462,85.0721934976928,3,"mango"
"Mangifera indica",1649,86.5384615384615,102.80244741866,2,"mango"
"Mangifera indica",1667,353.076923076923,NA,1,"mango"
"Mangifera indica",1877,112.5,39.7198026416735,4,"mango"
"Mangifera indica",2357,180,NA,1,"mango"
"Mangifera indica",3556,221.538461538462,NA,1,"mango"
"Mangifera indica",3872,152.307692307692,39.1628371118703,2,"mango"
"Mangifera indica",3937,163.076923076923,134.649446240158,9,"mango"
"Mangifera indica",3992,121.538461538462,68.7192642430527,9,"mango"
"Mangifera indica",4058,160.615384615385,47.5631004110335,5,"mango"
"Mangifera indica",4064,163.846153846154,91.9319274786558,3,"mango"
"Mangifera indica",4065,140.769230769231,86.0988835669737,6,"mango"
"Mangifera indica",4214,103.846153846154,NA,1,"mango"
"Mangifera indica",4816,193.846153846154,20.7692307692308,3,"mango"
"Mangifera indica",4818,200.769230769231,NA,1,"mango"
"Mangifera indica",4958,200.769230769231,NA,1,"mango"
"Mangifera indica",4997,173.076923076923,NA,1,"mango"
"Mangifera indica",4998,180,NA,1,"mango"
"Mangifera indica",4999,266.538461538462,122.383865974595,2,"mango"
"Mangifera indica",5132,173.076923076923,NA,1,"mango"
"Mangifera indica",5322,83.0769230769231,NA,1,"mango"
"Mangifera indica",5372,110.769230769231,NA,1,"mango"
"Mangifera indica",5377,207.692307692308,NA,1,"mango"
"Mangifera indica",5407,256.153846153846,NA,1,"mango"
"Mangifera indica",5521,96.9230769230769,NA,1,"mango"
"Mangifera indica",5534,138.461538461538,NA,1,"mango"
"Mangifera indica",5888,143.076923076923,40.9964639837584,6,"mango"
"Mangifera indica",5889,128.076923076923,54.3656261048758,4,"mango"
"Mangifera indica",5962,196.615384615385,60.2745199191108,5,"mango"
"Mangifera indica",5964,185.769230769231,43.876507711919,6,"mango"
"Mangifera indica",5966,199.384615384615,47.3105064829012,5,"mango"
"Mangifera indica",5967,182.307692307692,60.7760463558702,6,"mango"
"Mangifera indica",5970,225.692307692308,19.9451911719987,5,"mango"
"Mangifera indica",5972,216,49.7788006493009,5,"mango"
"Mangifera indica",5977,163.384615384615,62.6146286100647,5,"mango"
"Mangifera indica",5978,184.153846153846,72.5438043549954,5,"mango"
"Mangifera indica",5980,214.615384615385,50.5590053081692,4,"mango"
"Mangifera indica",5982,199.384615384615,93.3204062617179,5,"mango"
"Mangifera indica",5984,132.692307692308,84.3839492295423,6,"mango"
"Mangifera indica",5986,181.730769230769,52.0383336174447,8,"mango"
"Mangifera indica",5988,167.142857142857,44.586007759297,7,"mango"
"Mangifera indica",5989,149.538461538462,26.1798513247233,5,"mango"
"Mangifera indica",5991,189.230769230769,58.0603644249652,3,"mango"
"Mangifera indica",5993,136.730769230769,34.0922000831404,4,"mango"
"Mangifera indica",5994,177.230769230769,43.1236010835621,5,"mango"
"Mangifera indica",5995,205.384615384615,33.8216694656516,6,"mango"
"Mangifera indica",5996,210.461538461538,56.7945534516748,5,"mango"
"Mangifera indica",5997,148.846153846154,42.8448418525822,6,"mango"
"Mangifera indica",5999,176.538461538462,42.6205217675669,6,"mango"
"Mangifera indica",6038,290.769230769231,NA,1,"mango"
"Mangifera indica",6053,62.3076923076923,NA,1,"mango"
"Mangifera indica",6075,83.0769230769231,NA,1,"mango"
"Mangifera indica",6088,55.3846153846154,NA,1,"mango"
"Mangifera indica",6137,83.0769230769231,NA,1,"mango"
"Mangifera indica",6178,159.230769230769,NA,1,"mango"
"Mangifera indica",6188,145.384615384615,12.3843764907681,6,"mango"
"Mangifera indica",6198,117.692307692308,NA,1,"mango"
"Mangifera indica",6202,152.307692307692,NA,1,"mango"
"Mangifera indica",6225,98.0769230769231,42.9937383634122,6,"mango"
"Mangifera indica",6226,162.692307692308,53.8489010288217,2,"mango"
"Mangifera indica",6227,115.384615384615,31.9763226012716,3,"mango"
"Mangifera indica",6229,221.538461538462,NA,1,"mango"
"Mangifera indica",6232,115.384615384615,38.1293345581346,3,"mango"
"Mangifera indica",6234,129.230769230769,34.8453897012496,3,"mango"
"Mangifera indica",6235,138.461538461538,29.3721278339027,2,"mango"
"Mangifera indica",6269,145.384615384615,NA,1,"mango"
"Mangifera indica",6369,141.923076923077,63.6396103067893,2,"mango"
"Mangifera indica",6451,183.461538461538,14.6860639169514,2,"mango"
"Mangifera indica",6461,133.846153846154,35.526471503863,3,"mango"
"Mangifera indica",6462,124.615384615385,27.6923076923077,5,"mango"
"Mangifera indica",6486,150.923076923077,53.9378340390899,5,"mango"
"Mangifera indica",6490,110.769230769231,NA,1,"mango"
"Mangifera indica",6491,103.846153846154,97.9070927796758,2,"mango"
"Mangifera indica",6708,79.6153846153846,34.2674824728865,2,"mango"
"Mangifera indica",6760,93.4615384615385,14.6860639169514,2,"mango"
"Mangifera indica",6881,131.538461538462,NA,1,"mango"
"Mangifera indica",6949,91.978021978022,32.6473511188933,7,"mango"
"Mangifera indica",7018,207.692307692308,NA,1,"mango"
"Mangifera indica",7069,89.010989010989,37.7986837109304,7,"mango"
"Mangifera indica",7080,92.967032967033,29.0596495002712,7,"mango"
"Mangifera indica",7081,91.978021978022,24.54660721185,7,"mango"
"Mangifera indica",7082,100.879120879121,34.3506359134514,7,"mango"
"Mangifera indica",7093,263.076923076923,NA,1,"mango"
"Mangifera indica",7130,103.846153846154,NA,1,"mango"
"Mangifera indica",7144,97.9120879120879,25.414567743571,7,"mango"
"Mangifera indica",7154,148.846153846154,190.918830920368,2,"mango"
"Mangifera indica",7191,173.076923076923,19.5814185559352,2,"mango"
"Mangifera indica",7201,103.846153846154,NA,1,"mango"
"Mangifera indica",7233,235.384615384615,NA,1,"mango"
"Mangifera indica",7281,93.4615384615385,93.011738140692,2,"mango"
"Mangifera indica",7359,159.230769230769,NA,1,"mango"
"Mangifera indica",7397,207.692307692308,NA,1,"mango"
"Mangifera indica",7404,27.6923076923077,NA,1,"mango"
"Mangifera indica",7407,138.461538461538,NA,1,"mango"
"Mangifera indica",7519,152.307692307692,NA,1,"mango"
"Mangifera indica",7566,96.9230769230769,NA,1,"mango"
"Mangifera indica",7628,90,97.9070927796758,2,"mango"
"Mangifera indica",7635,353.076923076923,NA,1,"mango"
"Mangifera indica",7642,65.7692307692308,93.011738140692,2,"mango"
"Mangifera indica",7645,65.7692307692308,93.011738140692,2,"mango"
"Mangifera indica",7652,200.769230769231,NA,1,"mango"
"Mangifera indica",7658,120,104.153391659047,3,"mango"
"Mangifera indica",7664,62.3076923076923,NA,1,"mango"
"Mangifera indica",7674,135,112.593156696627,2,"mango"
"Mangifera indica",7677,152.307692307692,54.9502195374953,3,"mango"
"Mangifera indica",7678,166.153846153846,72.9391413659036,3,"mango"
"Mangifera indica",7709,62.3076923076923,NA,1,"mango"
"Mangifera indica",7719,103.846153846154,NA,1,"mango"
"Mangifera indica",7747,117.692307692308,NA,1,"mango"
"Mangifera indica",7754,76.1538461538461,NA,1,"mango"
"Mangifera indica",7762,76.1538461538461,NA,1,"mango"
"Mangifera indica",7765,76.1538461538461,NA,1,"mango"
"Mangifera indica",7766,90,NA,1,"mango"
"Mangifera indica",7773,96.9230769230769,NA,1,"mango"
"Mangifera indica",7777,103.846153846154,NA,1,"mango"
"Mangifera indica",7811,69.2307692307692,NA,1,"mango"
"Mangifera indica",7813,110.769230769231,NA,1,"mango"
"Mangifera indica",7820,103.846153846154,NA,1,"mango"
"Mangifera indica",7824,110.769230769231,NA,1,"mango"
"Mangifera indica",7922,138.461538461538,NA,1,"mango"
"Mangifera indica",7923,138.461538461538,NA,1,"mango"
"Mangifera indica",7936,96.9230769230769,NA,1,"mango"
"Mangifera indica",7977,34.6153846153846,NA,1,"mango"
"Mangifera indica",8016,214.615384615385,NA,1,"mango"
"Mangifera indica",8161,96.9230769230769,NA,1,"mango"
"Mangifera indica",8173,96.9230769230769,NA,1,"mango"
"Mangifera indica",8174,110.769230769231,NA,1,"mango"
"Mangifera indica",8175,110.769230769231,NA,1,"mango"
"Mangifera indica",8198,96.9230769230769,NA,1,"mango"
"Mangifera indica",8232,146.769230769231,51.2026950104324,5,"mango"
"Mangifera indica",8234,138.461538461538,37.4955618675506,4,"mango"
"Mangifera indica",8276,152.307692307692,NA,1,"mango"
"Mangifera indica",8282,186.923076923077,NA,1,"mango"
"Mangifera indica",8293,96.9230769230769,NA,1,"mango"
"Mangifera indica",8294,96.9230769230769,NA,1,"mango"
"Mangifera indica",8441,188.307692307692,65.2020074472246,5,"mango"
"Mangifera indica",8465,168.923076923077,30.4142990351383,5,"mango"
"Mangifera indica",8466,170.307692307692,35.8398805999702,5,"mango"
"Mangifera indica",8471,157.846153846154,109.72585526488,5,"mango"
"Mangifera indica",8555,48.4615384615385,NA,1,"mango"
"Mangifera indica",8574,13.8461538461538,NA,1,"mango"
"Mangifera indica",8579,13.8461538461538,NA,1,"mango"
"Mangifera indica",8592,41.5384615384615,NA,1,"mango"
"Mangifera indica",8627,166.153846153846,11.9911209754768,3,"mango"
"Mangifera indica",8630,41.5384615384615,NA,1,"mango"
"Mangifera indica",8631,93.4615384615385,83.2210288627245,2,"mango"
"Mangifera indica",8634,159.230769230769,NA,1,"mango"
"Mangifera indica",8645,124.615384615385,70.3751569937396,4,"mango"
"Mangifera indica",8709,145.384615384615,113.968229767992,3,"mango"
"Mangifera indica",8712,103.846153846154,NA,1,"mango"
"Mangifera indica",8747,103.846153846154,NA,1,"mango"
"Mangifera indica",8765,96.9230769230769,NA,1,"mango"
"Mangifera indica",8770,117.692307692308,NA,1,"mango"
"Mangifera indica",8771,173.076923076923,NA,1,"mango"
"Mangifera indica",8775,117.692307692308,NA,1,"mango"
"Mangifera indica",8777,193.846153846154,NA,1,"mango"
"Mangifera indica",8781,180,NA,1,"mango"
"Mangifera indica",8783,166.153846153846,NA,1,"mango"
"Mangifera indica",8790,76.1538461538461,NA,1,"mango"
"Mangifera indica",8792,110.769230769231,NA,1,"mango"
"Mangifera indica",8797,96.9230769230769,NA,1,"mango"
"Mangifera indica",8798,207.692307692308,NA,1,"mango"
"Mangifera indica",8802,186.923076923077,NA,1,"mango"
"Mangifera indica",8811,76.1538461538461,NA,1,"mango"
"Mangifera indica",8813,145.384615384615,NA,1,"mango"
"Mangifera indica",8820,103.846153846154,NA,1,"mango"
"Mangifera indica",8821,124.615384615385,NA,1,"mango"
"Mangifera indica",8826,124.615384615385,NA,1,"mango"
"Mangifera indica",8827,159.230769230769,NA,1,"mango"
"Mangifera indica",8838,189.230769230769,17.4226948506248,3,"mango"
"Mangifera indica",8851,150,76.2586691162691,3,"mango"
"Mangifera indica",8856,131.538461538462,NA,1,"mango"
"Mangifera indica",8873,159.230769230769,NA,1,"mango"
"Mangifera indica",8885,96.9230769230769,NA,1,"mango"
"Mangifera indica",8912,76.1538461538461,NA,1,"mango"
"Mangifera indica",8937,117.692307692308,NA,1,"mango"
"Mangifera indica",8942,186.923076923077,NA,1,"mango"
"Mangifera indica",8958,346.153846153846,NA,1,"mango"
"Mangifera indica",8981,182.307692307692,132.506558953436,3,"mango"
"Mangifera indica",9000,124.615384615385,NA,1,"mango"
"Mangifera indica",9016,214.615384615385,NA,1,"mango"
"Mangifera indica",9023,221.538461538462,NA,1,"mango"
"Mangifera indica",9024,173.076923076923,107.697802057643,2,"mango"
"Mangifera indica",9031,207.692307692308,NA,1,"mango"
"Mangifera indica",9059,140.769230769231,73.375906595006,3,"mango"
"Mangifera indica",9145,221.538461538462,NA,1,"mango"
"Mangifera indica",9149,186.923076923077,NA,1,"mango"
"Mangifera indica",9206,180,NA,1,"mango"
"Mangifera indica",9215,186.923076923077,NA,1,"mango"
"Mangifera indica",9216,207.692307692308,NA,1,"mango"
"Mangifera indica",9217,173.076923076923,NA,1,"mango"
"Mangifera indica",9235,180,NA,1,"mango"
"Mangifera indica",9240,214.615384615385,NA,1,"mango"
"Mangifera indica",9241,186.923076923077,NA,1,"mango"
"Mangifera indica",9252,200.769230769231,NA,1,"mango"
"Mangifera indica",9253,186.923076923077,NA,1,"mango"
"Mangifera indica",9255,235.384615384615,NA,1,"mango"
"Mangifera indica",9259,207.692307692308,NA,1,"mango"
"Mangifera indica",9262,180,NA,1,"mango"
"Mangifera indica",9263,325.384615384615,NA,1,"mango"
"Mangifera indica",9264,193.846153846154,29.3721278339027,2,"mango"
"Mangifera indica",9314,173.076923076923,NA,1,"mango"
"Mangifera indica",9376,180,NA,1,"mango"
"Mangifera indica",9402,159.230769230769,NA,1,"mango"
"Mangifera indica",9412,266.538461538462,73.4303195847569,2,"mango"
"Mangifera indica",9459,186.923076923077,NA,1,"mango"
"Mangifera indica",9460,170.769230769231,42.376168361125,6,"mango"
"Mangifera indica",9461,148.153846153846,51.9461487202267,5,"mango"
"Mangifera indica",9462,173.076923076923,29.3721278339027,2,"mango"
"Mangifera indica",9463,142.615384615385,32.3241716213412,5,"mango"
"Mangifera indica",9464,233.076923076923,94.2488208769022,3,"mango"
"Mangifera indica",9466,156.923076923077,32.7171851048257,3,"mango"
"Mangifera indica",9467,175.384615384615,59.6885407217426,3,"mango"
"Mangifera indica",9470,136.153846153846,35.526471503863,3,"mango"
"Mangifera indica",9472,78.4615384615385,41.7303261231349,3,"mango"
"Mangifera indica",9474,141.923076923077,34.2674824728865,2,"mango"
"Mangifera indica",9478,173.076923076923,27.1092464410863,4,"mango"
"Mangifera indica",9480,150.576923076923,42.8168661121834,4,"mango"
"Mangifera indica",9481,173.076923076923,56.6678268821939,3,"mango"
"Mangifera indica",9511,221.538461538462,137.069929891546,2,"mango"
"Mangifera indica",9520,183.461538461538,34.2674824728865,2,"mango"
"Mangifera indica",9530,180,NA,1,"mango"
"Mangifera indica",9604,96.9230769230769,NA,1,"mango"
"Mangifera indica",9616,152.307692307692,NA,1,"mango"
"Mangifera indica",9700,214.615384615385,NA,1,"mango"
"Mangifera indica",9702,180,29.3721278339027,2,"mango"
"Mangifera indica",9956,135,132.174575252562,2,"mango"
"Mangifera indica",9957,276.923076923077,NA,1,"mango"
"Mangifera indica",9968,193.846153846154,NA,1,"mango"
"Mangifera indica",9979,48.4615384615385,NA,1,"mango"
"Mangifera indica",9980,145.384615384615,NA,1,"mango"
"Mangifera indica",10018,20.7692307692308,NA,1,"mango"
"Mangifera indica",10046,114.230769230769,4.89535463898378,2,"mango"
"Mangifera indica",10125,159.230769230769,72.2790450616884,3,"mango"
"Mangifera indica",10128,117.692307692308,6.92307692307693,3,"mango"
"Mangifera indica",10155,55.3846153846154,48.4615384615385,3,"mango"
"Mangifera indica",10156,105.576923076923,14.2722887040611,4,"mango"
"Mangifera indica",10157,124.615384615385,0,2,"mango"
"Mangifera indica",10158,218.076923076923,132.174575252562,2,"mango"
"Mangifera indica",10160,152.307692307692,106.654338538074,4,"mango"
"Mangifera indica",10164,186.923076923077,NA,1,"mango"
"Mangifera indica",10172,218.076923076923,132.174575252562,2,"mango"
"Mangifera indica",10173,124.615384615385,NA,1,"mango"
"Mangifera indica",10174,87.6923076923077,38.1293345581346,3,"mango"
"Mangifera indica",10176,124.615384615385,NA,1,"mango"
"Mangifera indica",10177,41.5384615384615,NA,1,"mango"
"Mangifera indica",10178,124.615384615385,NA,1,"mango"
"Mangifera indica",10181,84.8076923076923,31.6625140015667,4,"mango"
"Mangifera indica",10182,159.230769230769,125.254769954879,4,"mango"
"Mangifera indica",10184,90,68.5349649457731,2,"mango"
"Mangifera indica",10185,339.230769230769,NA,1,"mango"
"Mangifera indica",10191,117.692307692308,NA,1,"mango"
"Mangifera indica",10194,124.615384615385,79.7407040454046,4,"mango"
"Mangifera indica",10196,120,148.052445529343,3,"mango"
"Mangifera indica",10198,169.615384615385,117.827976103567,4,"mango"
"Mangifera indica",10200,124.615384615385,NA,1,"mango"
"Mangifera indica",10206,110.769230769231,53.923022056375,4,"mango"
"Mangifera indica",10208,124.615384615385,NA,1,"mango"
"Mangifera indica",10212,83.0769230769231,41.5384615384615,3,"mango"
"Mangifera indica",10213,180,NA,1,"mango"
"Mangifera indica",10214,93.4615384615385,35.07388650824,4,"mango"
"Mangifera indica",10223,76.1538461538461,NA,1,"mango"
"Mangifera indica",10233,166.153846153846,NA,1,"mango"
"Mangifera indica",10269,76.1538461538461,NA,1,"mango"
"Mangifera indica",10297,76.1538461538461,NA,1,"mango"
"Mangifera indica",10320,242.307692307692,NA,1,"mango"
"Mangifera indica",10321,169.615384615385,24.476773194919,2,"mango"
"Mangifera indica",10323,214.615384615385,NA,1,"mango"
"Mangifera indica",10379,124.615384615385,NA,1,"mango"
"Mangifera indica",10383,124.615384615385,NA,1,"mango"
"Mangifera indica",10396,124.615384615385,19.5814185559352,2,"mango"
"Mangifera indica",10410,193.846153846154,NA,1,"mango"
"Mangifera indica",10447,27.6923076923077,NA,1,"mango"
"Mangifera indica",10449,96.9230769230769,77.0921219468772,3,"mango"
"Mangifera indica",10453,72.6923076923077,63.6396103067893,2,"mango"
"Mangifera indica",10455,76.1538461538462,68.5349649457731,2,"mango"
"Mangifera indica",10456,73.8461538461539,42.3006987226693,3,"mango"
"Mangifera indica",10457,27.6923076923077,NA,1,"mango"
"Mangifera indica",10458,117.692307692308,NA,1,"mango"
"Mangifera indica",10493,117.692307692308,97.9070927796758,2,"mango"
"Mangifera indica",10533,353.076923076923,NA,1,"mango"
"Mangifera indica",10591,173.076923076923,NA,1,"mango"
"Mangifera indica",10620,117.692307692308,72.9391413659036,3,"mango"
"Mangifera indica",10627,145.384615384615,NA,1,"mango"
"Mangifera indica",10672,117.692307692308,NA,1,"mango"
"Mangifera indica",10701,86.5384615384615,53.8489010288217,2,"mango"
"Mangifera indica",10734,112.5,17.3076923076923,4,"mango"
"Mangifera indica",10742,103.846153846154,18.3167398458318,3,"mango"
"Mangifera indica",10745,169.615384615385,105.827256810444,4,"mango"
"Mangifera indica",10746,124.615384615385,NA,1,"mango"
"Mangifera indica",10756,96.9230769230769,24.9615088301353,3,"mango"
"Mangifera indica",10766,110.769230769231,24.9615088301353,3,"mango"
"Mangifera indica",10769,99.2307692307692,17.4226948506248,3,"mango"
"Mangifera indica",10791,101.538461538462,71.0529430077261,3,"mango"
"Mangifera indica",10815,117.692307692308,NA,1,"mango"
"Mangifera indica",10845,167.884615384615,109.079662545614,4,"mango"
"Mangifera indica",10850,124.615384615385,NA,1,"mango"
"Mangifera indica",10933,186.923076923077,117.488511335611,2,"mango"
"Mangifera indica",11049,200.769230769231,NA,1,"mango"
"Mangifera indica",11108,193.846153846154,NA,1,"mango"
"Mangifera indica",11111,166.153846153846,NA,1,"mango"
"Mangifera indica",11355,173.076923076923,18.3167398458318,3,"mango"
"Mangifera indica",11388,176.538461538462,53.8489010288217,2,"mango"
"Mangifera indica",11389,20.7692307692308,NA,1,"mango"
"Mangifera indica",11407,159.230769230769,NA,1,"mango"
"Mangifera indica",11425,83.0769230769231,NA,1,"mango"
"Mangifera indica",11441,58.8461538461539,34.2674824728865,2,"mango"
"Mangifera indica",11444,126.923076923077,87.6619380610273,3,"mango"
"Mangifera indica",11460,180,NA,1,"mango"
"Mangifera indica",11463,76.1538461538461,NA,1,"mango"
"Mangifera indica",11476,152.307692307692,29.3721278339027,2,"mango"
"Mangifera indica",11477,117.692307692308,NA,1,"mango"
"Mangifera indica",11488,126.346153846154,26.7383774452072,4,"mango"
"Mangifera indica",11490,143.076923076923,15.9881613006358,3,"mango"
"Mangifera indica",11517,152.307692307692,NA,1,"mango"
"Mangifera indica",11536,117.692307692308,NA,1,"mango"
"Mangifera indica",11558,180,NA,1,"mango"
"Mangifera indica",11630,138.461538461538,NA,1,"mango"
"Mangifera indica",11638,180,NA,1,"mango"
"Mangifera indica",11739,110.769230769231,NA,1,"mango"
"Mangifera indica",11810,138.461538461538,NA,1,"mango"
"Mangifera indica",11860,110.769230769231,NA,1,"mango"
"Mangifera indica",11862,124.615384615385,NA,1,"mango"
"Mangifera indica",11927,124.615384615385,NA,1,"mango"
"Mangifera indica",11946,121.153846153846,44.0581917508541,2,"mango"
"Mangifera indica",11948,110.769230769231,68.5349649457731,2,"mango"
"Mangifera indica",11958,83.0769230769231,NA,1,"mango"
"Mangifera indica",12002,62.3076923076923,NA,1,"mango"
"Mangifera indica",12019,41.5384615384615,NA,1,"mango"
"Mangifera indica",12067,83.0769230769231,NA,1,"mango"
"Mangifera indica",12074,145.384615384615,NA,1,"mango"
"Mangifera indica",12078,191.538461538462,3.99704032515894,3,"mango"
"Mangifera indica",12079,138.461538461538,NA,1,"mango"
"Mangifera indica",12185,13.8461538461538,NA,1,"mango"
"Mangifera indica",12195,207.692307692308,11.9911209754768,3,"mango"
"Mangifera indica",12204,117.692307692308,NA,1,"mango"
"Mangifera indica",12206,90,42.1114329020646,3,"mango"
"Mangifera indica",12244,117.692307692308,9.7907092779676,2,"mango"
"Mangifera indica",12255,200.769230769231,NA,1,"mango"
"Mangifera indica",12261,221.538461538462,NA,1,"mango"
"Mangifera indica",12289,228.461538461538,48.9535463898379,2,"mango"
"Mangifera indica",12323,141.923076923077,132.174575252562,2,"mango"
"Mangifera indica",12350,210,27.9792822761126,3,"mango"
"Mangifera indica",12351,214.615384615385,NA,1,"mango"
"Mangifera indica",12364,27.6923076923077,NA,1,"mango"
"Mangifera indica",12422,117.692307692308,NA,1,"mango"
"Mangifera indica",12455,207.692307692308,29.3721278339027,2,"mango"
"Mangifera indica",12482,152.307692307692,NA,1,"mango"
"Mangifera indica",12517,180,58.7442556678055,2,"mango"
"Mangifera indica",12531,152.307692307692,NA,1,"mango"
"Mangifera indica",12580,48.4615384615385,29.3721278339027,2,"mango"
"Mangifera indica",12581,145.384615384615,NA,1,"mango"
"Mangifera indica",12692,96.9230769230769,NA,1,"mango"
"Mangifera indica",12695,48.4615384615385,NA,1,"mango"
"Mangifera indica",12701,225,4.89535463898378,2,"mango"
"Mangifera indica",12750,145.384615384615,88.1163835017082,2,"mango"
"Mangifera indica",12952,173.076923076923,NA,1,"mango"
"Mangifera indica",12991,184.615384615385,92.1922354866377,3,"mango"
"Mangifera indica",15034,221.538461538462,NA,1,"mango"
"Mangifera indica",18203,166.153846153846,NA,1,"mango"
"Mangifera indica",24397,166.153846153846,NA,1,"mango"
"Mangifera indica",25046,207.692307692308,39.1628371118703,2,"mango"
"Mangifera indica",29288,180,NA,1,"mango"
"Mangifera indica",29359,98.6538461538462,96.9848704116131,4,"mango"
"Mangifera indica",29414,173.076923076923,NA,1,"mango"
"Mangifera indica",29466,186.923076923077,NA,1,"mango"
"Mangifera indica",29525,146.769230769231,119.450665709579,5,"mango"
"Mangifera indica",29557,159.230769230769,48.9535463898379,2,"mango"
"Mangifera indica",29561,124.615384615385,NA,1,"mango"
"Mangifera indica",29597,6.92307692307693,NA,1,"mango"
"Mangifera indica",29598,191.538461538462,140.579948404782,3,"mango"
"Mangifera indica",29646,159.230769230769,NA,1,"mango"
"Mangifera indica",29863,173.076923076923,NA,1,"mango"
"Mangifera indica",29911,159.230769230769,NA,1,"mango"
"Mangifera indica",29912,176.538461538462,24.476773194919,2,"mango"
"Mangifera indica",29928,155.769230769231,4.89535463898378,2,"mango"
"Mangifera indica",29930,159.230769230769,NA,1,"mango"
"Mangifera indica",30015,152.307692307692,NA,1,"mango"
"Mangifera indica",30020,186.923076923077,NA,1,"mango"
"Mangifera indica",30059,145.384615384615,NA,1,"mango"
"Mangifera indica",30063,20.7692307692308,NA,1,"mango"
"Mangifera indica",30073,166.153846153846,56.6678268821939,3,"mango"
"Mangifera indica",30074,145.384615384615,34.6153846153846,3,"mango"
"Mangifera indica",30075,128.076923076923,34.2674824728865,2,"mango"
"Mangifera indica",30076,135,53.8489010288217,2,"mango"
"Mangifera indica",30079,124.615384615385,29.3721278339027,2,"mango"
"Mangifera indica",30308,103.846153846154,NA,1,"mango"
"Mangifera indica",30311,48.4615384615385,NA,1,"mango"
"Mangifera indica",30348,124.615384615385,NA,1,"mango"
"Mangifera indica",30350,228.461538461538,NA,1,"mango"
"Mangifera indica",30351,207.692307692308,NA,1,"mango"
"Mangifera indica",30360,166.153846153846,NA,1,"mango"
"Mangifera indica",30363,117.692307692308,NA,1,"mango"
"Mangifera indica",45927,145.384615384615,NA,1,"mango"
"Mangifera indica",45928,176.538461538462,44.0581917508541,2,"mango"
"Mangifera indica",45985,216.923076923077,26.2103462113859,3,"mango"
"Mangifera indica",45986,62.3076923076923,NA,1,"mango"
"Mangifera indica",46004,249.230769230769,NA,1,"mango"
"Mangifera indica",46213,176.538461538462,14.6860639169514,2,"mango"
"Mangifera indica",46214,115.384615384615,87.6619380610273,3,"mango"
"Mangifera indica",67770,339.230769230769,NA,1,"mango"
"Mangifera indica",68029,193.846153846154,NA,1,"mango"
"Mangifera indica",68139,106.153846153846,105.9781154142,3,"mango"
"Mangifera indica",68142,27.6923076923077,NA,1,"mango"
"Mangifera indica",68167,103.846153846154,NA,1,"mango"
"Mangifera indica",68176,135,122.383865974595,2,"mango"
"Mangifera indica",68177,48.4615384615385,41.5384615384615,3,"mango"
"Mangifera indica",68184,62.3076923076923,NA,1,"mango"
"Mangifera indica",68199,186.923076923077,NA,1,"mango"
"Mangifera indica",68201,193.846153846154,NA,1,"mango"
"Mangifera indica",68227,103.846153846154,NA,1,"mango"
"Mangifera indica",68230,55.3846153846154,NA,1,"mango"
"Mangifera indica",68241,107.307692307692,73.4303195847569,2,"mango"
"Mangifera indica",68253,152.307692307692,NA,1,"mango"
"Mangifera indica",68254,159.230769230769,NA,1,"mango"
"Mangifera indica",68255,159.230769230769,NA,1,"mango"
"Mangifera indica",68256,152.307692307692,NA,1,"mango"
"Mangifera indica",68257,159.230769230769,NA,1,"mango"
"Mangifera indica",68263,159.230769230769,NA,1,"mango"
"Mangifera indica",68264,159.230769230769,NA,1,"mango"
"Mangifera indica",68297,159.230769230769,NA,1,"mango"
"Mangifera indica",68298,159.230769230769,NA,1,"mango"
"Mangifera indica",68305,159.230769230769,NA,1,"mango"
"Mangifera indica",68306,159.230769230769,NA,1,"mango"
"Mangifera indica",68307,159.230769230769,NA,1,"mango"
"Mangifera indica",68324,159.230769230769,NA,1,"mango"
"Mangifera indica",68327,169.615384615385,14.6860639169514,2,"mango"
"Mangifera indica",68333,131.538461538462,39.1628371118703,2,"mango"
"Mangifera indica",68334,180,29.3721278339027,2,"mango"
"Mangifera indica",68345,159.230769230769,NA,1,"mango"
"Mangifera indica",68412,166.153846153846,NA,1,"mango"
"Mangifera indica",76557,159.230769230769,NA,1,"mango"
"Mangifera indica",76644,124.615384615385,NA,1,"mango"
"Mangifera indica",79962,96.9230769230769,NA,1,"mango"
"Mangifera indica",80863,173.076923076923,NA,1,"mango"
"Mangifera indica",84621,41.5384615384615,NA,1,"mango"
"Mangifera indica",84756,193.846153846154,NA,1,"mango"
"Mangifera indica",84857,221.538461538462,NA,1,"mango"
"Mangifera indica",84861,190.384615384615,14.6860639169514,2,"mango"
"Mangifera indica",84868,214.615384615385,NA,1,"mango"
"Mangifera indica",84895,235.384615384615,NA,1,"mango"
"Mangifera indica",84929,242.307692307692,NA,1,"mango"
"Mangifera indica",84986,242.307692307692,NA,1,"mango"
"Mangifera indica",85245,69.2307692307692,NA,1,"mango"
"Mangifera indica",85246,180,NA,1,"mango"
"Mangifera indica",85271,124.615384615385,48.9535463898379,2,"mango"
"Mangifera indica",85273,166.153846153846,NA,1,"mango"
"Mangifera indica",85275,166.153846153846,NA,1,"mango"
"Mangifera indica",85407,166.153846153846,NA,1,"mango"
"Mangifera indica",85667,273.461538461538,24.4767731949189,2,"mango"
"Mangifera indica",86139,189.230769230769,90.3543320790087,3,"mango"
"Mangifera indica",86720,200.769230769231,NA,1,"mango"
"Mangifera indica",88004,180,NA,1,"mango"
"Mangifera indica",88313,110.769230769231,88.1163835017082,2,"mango"
"Mangifera indica",90343,235.384615384615,NA,1,"mango"
"Mangifera indica",90349,90,19.5814185559352,2,"mango"
"Mangifera indica",90498,273.461538461538,102.80244741866,2,"mango"
"Mangifera indica",92423,0,NA,1,"mango"
"Mangifera indica",92431,166.153846153846,NA,1,"mango"
"Mangifera indica",92434,159.230769230769,NA,1,"mango"
"Mangifera indica",92438,152.307692307692,NA,1,"mango"
"Mangifera indica",92559,83.0769230769231,NA,1,"mango"
"Mangifera indica",92715,173.076923076923,NA,1,"mango"
"Mangifera indica",93009,124.615384615385,9.7907092779676,2,"mango"
"Mangifera indica",93012,83.0769230769231,9.7907092779676,2,"mango"
"Mangifera indica",93013,83.0769230769231,19.5814185559352,2,"mango"
"Mangifera indica",93014,96.9230769230769,9.7907092779676,2,"mango"
"Mangifera indica",93020,93.4615384615385,4.89535463898378,2,"mango"
"Mangifera indica",93028,186.923076923077,NA,1,"mango"
"Mangifera indica",93029,110.769230769231,NA,1,"mango"
"Mangifera indica",93157,34.6153846153846,NA,1,"mango"
"Mangifera indica",93200,145.384615384615,NA,1,"mango"
"Mangifera indica",93205,145.384615384615,NA,1,"mango"
"Mangifera indica",93255,214.615384615385,NA,1,"mango"
"Mangifera indica",93337,214.615384615385,NA,1,"mango"
"Mangifera indica",93379,62.3076923076923,48.9535463898379,2,"mango"
"Mangifera indica",93411,83.0769230769231,NA,1,"mango"
"Mangifera indica",93439,152.307692307692,NA,1,"mango"
"Mangifera indica",93445,124.615384615385,NA,1,"mango"
"Mangifera indica",93506,235.384615384615,NA,1,"mango"
"Mangifera indica",93688,242.307692307692,NA,1,"mango"
"Mangifera indica",93770,110.769230769231,NA,1,"mango"
"Mangifera indica",93779,117.692307692308,NA,1,"mango"
"Mangifera indica",93888,152.307692307692,NA,1,"mango"
"Mangifera indica",93901,90,NA,1,"mango"
"Mangifera indica",93947,96.9230769230769,NA,1,"mango"
"Mangifera indica",93954,235.384615384615,NA,1,"mango"
"Mangifera indica",93997,96.9230769230769,NA,1,"mango"
"Mangifera indica",94006,304.615384615385,NA,1,"mango"
"Mangifera indica",94007,214.615384615385,NA,1,"mango"
"Mangifera indica",94060,207.692307692308,NA,1,"mango"
"Mangifera indica",94083,41.5384615384615,NA,1,"mango"
"Mangifera indica",94104,135,53.8489010288217,2,"mango"
"Mangifera indica",94111,200.769230769231,NA,1,"mango"
"Mangifera indica",94123,228.461538461538,NA,1,"mango"
"Mangifera indica",94177,96.9230769230769,NA,1,"mango"
"Mangifera indica",94180,131.538461538462,NA,1,"mango"
"Mangifera indica",94203,90,NA,1,"mango"
"Mangifera indica",94210,193.846153846154,NA,1,"mango"
"Mangifera indica",94212,90,117.488511335611,2,"mango"
"Mangifera indica",94258,180,39.1628371118703,2,"mango"
"Mangifera indica",94269,173.076923076923,NA,1,"mango"
"Mangifera indica",94307,110.769230769231,NA,1,"mango"
"Mangifera indica",94364,110.769230769231,NA,1,"mango"
"Mangifera indica",94368,117.692307692308,NA,1,"mango"
"Mangifera indica",94416,207.692307692308,NA,1,"mango"
"Mangifera indica",94425,152.307692307692,NA,1,"mango"
"Mangifera indica",94439,96.9230769230769,NA,1,"mango"
"Mangifera indica",94521,152.307692307692,NA,1,"mango"
"Mangifera indica",94524,152.307692307692,NA,1,"mango"
"Mangifera indica",94620,65.7692307692308,63.6396103067893,2,"mango"
"Mangifera indica",94626,339.230769230769,NA,1,"mango"
"Mangifera indica",94654,93.4615384615385,4.89535463898378,2,"mango"
"Mangifera indica",94655,211.153846153846,34.2674824728865,2,"mango"
"Mangifera indica",94662,221.538461538462,NA,1,"mango"
"Mangifera indica",94692,200.769230769231,NA,1,"mango"
"Mangifera indica",94728,186.923076923077,NA,1,"mango"
"Mangifera indica",94782,138.461538461538,NA,1,"mango"
"Mangifera indica",94791,207.692307692308,NA,1,"mango"
"Mangifera indica",94841,180,NA,1,"mango"
"Mangifera indica",94864,180,NA,1,"mango"
"Mangifera indica",94865,173.076923076923,NA,1,"mango"
"Mangifera indica",94895,0,NA,1,"mango"
"Mangifera indica",94899,235.384615384615,NA,1,"mango"
"Mangifera indica",94904,214.615384615385,NA,1,"mango"
"Mangifera indica",94907,353.076923076923,NA,1,"mango"
"Mangifera indica",94914,145.384615384615,NA,1,"mango"
"Mangifera indica",94919,214.615384615385,NA,1,"mango"
"Mangifera indica",95050,186.923076923077,NA,1,"mango"
"Mangifera indica",95052,169.615384615385,34.2674824728865,2,"mango"
"Mangifera indica",95062,0,NA,1,"mango"
"Mangifera indica",95069,221.538461538462,NA,1,"mango"
"Mangifera indica",95074,138.461538461538,NA,1,"mango"
"Mangifera indica",95077,214.615384615385,NA,1,"mango"
"Mangifera indica",95079,214.615384615385,NA,1,"mango"
"Mangifera indica",95080,107.307692307692,151.755993808497,2,"mango"
"Mangifera indica",95111,290.769230769231,NA,1,"mango"
"Mangifera indica",95122,186.923076923077,NA,1,"mango"
"Mangifera indica",95133,200.769230769231,NA,1,"mango"
"Mangifera indica",95142,207.692307692308,NA,1,"mango"
"Mangifera indica",95162,124.615384615385,NA,1,"mango"
"Mangifera indica",95221,145.384615384615,NA,1,"mango"
"Mangifera indica",95222,162.692307692308,34.2674824728865,2,"mango"
"Mangifera indica",95225,159.230769230769,NA,1,"mango"
"Mangifera indica",95244,166.153846153846,NA,1,"mango"
"Mangifera indica",95287,152.307692307692,NA,1,"mango"
"Mangifera indica",95312,117.692307692308,NA,1,"mango"
"Mangifera indica",95407,159.230769230769,29.3721278339027,2,"mango"
"Mangifera indica",95472,110.769230769231,NA,1,"mango"
"Mangifera indica",95481,145.384615384615,NA,1,"mango"
"Mangifera indica",95515,214.615384615385,NA,1,"mango"
"Mangifera indica",95518,145.384615384615,NA,1,"mango"
"Mangifera indica",95523,124.615384615385,NA,1,"mango"
"Mangifera indica",95715,138.461538461538,NA,1,"mango"
"Mangifera indica",95724,124.615384615385,NA,1,"mango"
"Mangifera indica",95773,117.692307692308,NA,1,"mango"
"Mangifera indica",95778,152.307692307692,39.1628371118703,2,"mango"
"Mangifera indica",95779,183.461538461538,4.8953546389838,2,"mango"
"Mangifera indica",95825,221.538461538462,NA,1,"mango"
"Mangifera indica",95846,193.846153846154,NA,1,"mango"
"Mangifera indica",95850,79.6153846153846,93.011738140692,2,"mango"
"Mangifera indica",95863,124.615384615385,NA,1,"mango"
"Mangifera indica",95931,173.076923076923,NA,1,"mango"
"Mangifera indica",95948,145.384615384615,NA,1,"mango"
"Mangifera indica",95949,145.384615384615,NA,1,"mango"
"Mangifera indica",95952,138.461538461538,29.3721278339027,2,"mango"
"Mangifera indica",95972,249.230769230769,NA,1,"mango"
"Mangifera indica",96060,138.461538461538,NA,1,"mango"
"Mangifera indica",96092,138.461538461538,NA,1,"mango"
"Mangifera indica",96096,145.384615384615,NA,1,"mango"
"Mangifera indica",96104,186.923076923077,NA,1,"mango"
"Mangifera indica",96105,152.307692307692,NA,1,"mango"
"Mangifera indica",96122,152.307692307692,NA,1,"mango"
"Mangifera indica",96136,221.538461538462,NA,1,"mango"
"Mangifera indica",96141,207.692307692308,NA,1,"mango"
"Mangifera indica",96746,186.923076923077,NA,1,"mango"
"Mangifera indica",96922,145.384615384615,9.7907092779676,2,"mango"
"Mangifera indica",97458,173.076923076923,NA,1,"mango"
"Mangifera indica",98157,145.384615384615,NA,1,"mango"
"Mangifera indica",99302,214.615384615385,NA,1,"mango"
"Mangifera indica",100401,207.692307692308,NA,1,"mango"
"Mangifera indica",100423,346.153846153846,NA,1,"mango"
"Mangifera indica",100437,214.615384615385,NA,1,"mango"
"Mangifera indica",100450,325.384615384615,NA,1,"mango"
"Mangifera indica",100722,180,NA,1,"mango"
"Mangifera indica",100723,90,NA,1,"mango"
"Mangifera indica",100820,48.4615384615385,NA,1,"mango"
"Mangifera indica",100830,41.5384615384615,NA,1,"mango"
"Mangifera indica",100965,96.9230769230769,NA,1,"mango"
"Mangifera indica",100966,117.692307692308,NA,1,"mango"
"Mangifera indica",100970,103.846153846154,NA,1,"mango"
"Mangifera indica",100971,90,NA,1,"mango"
"Mangifera indica",100972,124.615384615385,NA,1,"mango"
"Mangifera indica",100976,103.846153846154,NA,1,"mango"
"Mangifera indica",101016,55.3846153846154,NA,1,"mango"
"Mangifera indica",101056,173.076923076923,NA,1,"mango"
"Mangifera indica",101094,6.92307692307693,NA,1,"mango"
"Mangifera indica",101548,145.384615384615,NA,1,"mango"
"Mangifera indica",101560,41.5384615384615,NA,1,"mango"
"Mangifera indica",101569,90,NA,1,"mango"
"Mangifera indica",101571,48.4615384615385,NA,1,"mango"
"Mangifera indica",101583,48.4615384615385,NA,1,"mango"
"Mangifera indica",101584,27.6923076923077,NA,1,"mango"
"Mangifera indica",101589,69.2307692307692,NA,1,"mango"
"Mangifera indica",101683,20.7692307692308,NA,1,"mango"
"Mangifera indica",101694,41.5384615384615,NA,1,"mango"
"Mangifera indica",101775,83.0769230769231,NA,1,"mango"
"Mangifera indica",101937,69.2307692307692,NA,1,"mango"
"Mangifera indica",101946,117.692307692308,NA,1,"mango"
"Mangifera indica",101952,180,NA,1,"mango"
"Mangifera indica",101954,69.2307692307692,NA,1,"mango"
"Mangifera indica",101967,186.923076923077,NA,1,"mango"
"Mangifera indica",102013,41.5384615384615,NA,1,"mango"
"Mangifera indica",102029,159.230769230769,NA,1,"mango"
"Mangifera indica",102076,173.076923076923,NA,1,"mango"
"Mangifera indica",102117,41.5384615384615,NA,1,"mango"
"Mangifera indica",102272,173.076923076923,NA,1,"mango"
"Mangifera indica",102323,55.3846153846154,NA,1,"mango"
"Mangifera indica",102354,48.4615384615385,NA,1,"mango"
"Mangifera indica",102591,103.846153846154,NA,1,"mango"
"Mangifera indica",102868,173.076923076923,NA,1,"mango"
"Mangifera indica",102873,69.2307692307692,NA,1,"mango"
"Mangifera indica",102941,221.538461538462,NA,1,"mango"
"Mangifera indica",103366,180,NA,1,"mango"
"Mangifera indica",103389,124.615384615385,NA,1,"mango"
"Mangifera indica",103836,76.1538461538461,NA,1,"mango"
"Mangifera indica",103969,166.153846153846,NA,1,"mango"
"Mangifera indica",104260,263.076923076923,NA,1,"mango"
"Mangifera indica",104524,159.230769230769,NA,1,"mango"
"Mangifera indica",104547,166.153846153846,NA,1,"mango"
"Mangifera indica",104557,180,NA,1,"mango"
"Mangifera indica",104568,180,NA,1,"mango"
"Mangifera indica",104615,138.461538461538,NA,1,"mango"
"Mangifera indica",104701,256.153846153846,NA,1,"mango"
"Mangifera indica",104946,138.461538461538,NA,1,"mango"
"Mangifera indica",105062,166.153846153846,NA,1,"mango"
"Mangifera indica",105130,166.153846153846,NA,1,"mango"
"Mangifera indica",105880,159.230769230769,NA,1,"mango"
"Mangifera indica",106192,173.076923076923,NA,1,"mango"
"Mangifera indica",106602,159.230769230769,NA,1,"mango"
"Mangifera indica",108727,200.769230769231,NA,1,"mango"
"Mangifera indica",110212,214.615384615385,NA,1,"mango"
"Mangifera indica",110269,131.538461538462,NA,1,"mango"
"Mangifera indica",110386,221.538461538462,NA,1,"mango"
"Mangifera indica",110425,207.692307692308,NA,1,"mango"
"Mangifera indica",110628,235.384615384615,NA,1,"mango"
"Mangifera indica",110869,235.384615384615,NA,1,"mango"
"Mangifera indica",111584,200.769230769231,NA,1,"mango"
"Mangifera indica",111887,242.307692307692,NA,1,"mango"
"Mangifera indica",112036,249.230769230769,NA,1,"mango"
"Tamarindus indica",1676,114.230769230769,132.174575252562,2,"tamarind"
"Tamarindus indica",1750,41.5384615384615,NA,1,"tamarind"
"Tamarindus indica",2087,207.692307692308,NA,1,"tamarind"
"Tamarindus indica",2297,53.6538461538461,44.284248605528,4,"tamarind"
"Tamarindus indica",2431,293.076923076923,3.99704032515894,3,"tamarind"
"Tamarindus indica",3673,168.461538461538,130.966367244085,6,"tamarind"
"Tamarindus indica",3875,290.769230769231,NA,1,"tamarind"
"Tamarindus indica",4027,117.692307692308,NA,1,"tamarind"
"Tamarindus indica",4029,124.615384615385,NA,1,"tamarind"
"Tamarindus indica",4059,297.692307692308,9.7907092779676,2,"tamarind"
"Tamarindus indica",4158,200.769230769231,167.875693656676,3,"tamarind"
"Tamarindus indica",5374,86.5384615384615,63.6396103067893,2,"tamarind"
"Tamarindus indica",5389,200.769230769231,NA,1,"tamarind"
"Tamarindus indica",5398,283.846153846154,NA,1,"tamarind"
"Tamarindus indica",5399,290.769230769231,9.7907092779676,2,"tamarind"
"Tamarindus indica",5403,197.307692307692,4.8953546389838,2,"tamarind"
"Tamarindus indica",5566,93.4615384615385,87.6619380610273,4,"tamarind"
"Tamarindus indica",5969,218.769230769231,78.8744789646985,5,"tamarind"
"Tamarindus indica",5973,297.692307692308,54.9502195374953,3,"tamarind"
"Tamarindus indica",5975,222.923076923077,124.172289164893,5,"tamarind"
"Tamarindus indica",5998,141.230769230769,127.335692946734,5,"tamarind"
"Tamarindus indica",6020,270,NA,1,"tamarind"
"Tamarindus indica",6347,173.076923076923,166.442057725449,2,"tamarind"
"Tamarindus indica",6702,176.538461538462,210.500249476303,2,"tamarind"
"Tamarindus indica",6763,131.538461538462,168.018384454776,3,"tamarind"
"Tamarindus indica",6875,186.923076923077,NA,1,"tamarind"
"Tamarindus indica",6952,176.043956043956,132.799049279103,7,"tamarind"
"Tamarindus indica",7060,178.269230769231,149.620398797302,8,"tamarind"
"Tamarindus indica",7062,180,111.717098329538,6,"tamarind"
"Tamarindus indica",7086,69.2307692307692,NA,1,"tamarind"
"Tamarindus indica",7106,198.791208791209,126.18968935995,7,"tamarind"
"Tamarindus indica",7107,208.557692307692,117.804971931007,8,"tamarind"
"Tamarindus indica",7192,27.6923076923077,19.5814185559352,2,"tamarind"
"Tamarindus indica",7234,90,NA,1,"tamarind"
"Tamarindus indica",7349,20.7692307692308,NA,1,"tamarind"
"Tamarindus indica",7355,131.538461538462,NA,1,"tamarind"
"Tamarindus indica",7576,90,NA,1,"tamarind"
"Tamarindus indica",7587,217.582417582418,86.3635595173715,7,"tamarind"
"Tamarindus indica",7631,193.846153846154,NA,1,"tamarind"
"Tamarindus indica",7633,86.5384615384615,93.011738140692,2,"tamarind"
"Tamarindus indica",7646,83.0769230769231,107.697802057643,2,"tamarind"
"Tamarindus indica",7647,159.230769230769,NA,1,"tamarind"
"Tamarindus indica",7659,186.923076923077,68.5349649457731,2,"tamarind"
"Tamarindus indica",7683,207.692307692308,NA,1,"tamarind"
"Tamarindus indica",7750,83.0769230769231,NA,1,"tamarind"
"Tamarindus indica",7756,90,NA,1,"tamarind"
"Tamarindus indica",7782,76.1538461538461,NA,1,"tamarind"
"Tamarindus indica",7800,197.307692307692,118.847274079859,6,"tamarind"
"Tamarindus indica",7810,83.0769230769231,NA,1,"tamarind"
"Tamarindus indica",7821,90,NA,1,"tamarind"
"Tamarindus indica",7929,173.076923076923,NA,1,"tamarind"
"Tamarindus indica",8171,225,14.6860639169514,2,"tamarind"
"Tamarindus indica",8199,173.076923076923,215.395604115287,2,"tamarind"
"Tamarindus indica",8278,152.307692307692,NA,1,"tamarind"
"Tamarindus indica",8286,166.153846153846,NA,1,"tamarind"
"Tamarindus indica",8447,231.230769230769,121.558664338416,5,"tamarind"
"Tamarindus indica",8478,71.5384615384615,31.2178829041585,3,"tamarind"
"Tamarindus indica",8539,76.1538461538461,24.9615088301353,3,"tamarind"
"Tamarindus indica",8550,138.461538461538,NA,1,"tamarind"
"Tamarindus indica",8710,115.961538461538,68.854748066934,4,"tamarind"
"Tamarindus indica",8733,186.923076923077,NA,1,"tamarind"
"Tamarindus indica",8735,90,NA,1,"tamarind"
"Tamarindus indica",8762,193.846153846154,NA,1,"tamarind"
"Tamarindus indica",8828,62.3076923076923,NA,1,"tamarind"
"Tamarindus indica",8847,117.692307692308,43.2346015273735,3,"tamarind"
"Tamarindus indica",8858,124.615384615385,NA,1,"tamarind"
"Tamarindus indica",8869,110.769230769231,NA,1,"tamarind"
"Tamarindus indica",8909,96.9230769230769,NA,1,"tamarind"
"Tamarindus indica",8939,117.692307692308,NA,1,"tamarind"
"Tamarindus indica",8940,131.538461538462,NA,1,"tamarind"
"Tamarindus indica",8964,238.846153846154,112.593156696627,2,"tamarind"
"Tamarindus indica",8989,200.769230769231,88.1163835017082,2,"tamarind"
"Tamarindus indica",8990,177.692307692308,112.557677522374,3,"tamarind"
"Tamarindus indica",9015,304.615384615385,NA,1,"tamarind"
"Tamarindus indica",9030,186.923076923077,NA,1,"tamarind"
"Tamarindus indica",9056,290.769230769231,NA,1,"tamarind"
"Tamarindus indica",9058,121.153846153846,44.0581917508541,2,"tamarind"
"Tamarindus indica",9120,200.769230769231,NA,1,"tamarind"
"Tamarindus indica",9124,145.384615384615,NA,1,"tamarind"
"Tamarindus indica",9139,276.923076923077,NA,1,"tamarind"
"Tamarindus indica",9143,283.846153846154,NA,1,"tamarind"
"Tamarindus indica",9152,294.230769230769,4.89535463898378,2,"tamarind"
"Tamarindus indica",9239,242.307692307692,NA,1,"tamarind"
"Tamarindus indica",9362,106.153846153846,39.3662817905353,3,"tamarind"
"Tamarindus indica",9436,131.538461538462,NA,1,"tamarind"
"Tamarindus indica",9476,196.153846153846,121.958863954374,3,"tamarind"
"Tamarindus indica",9508,0,NA,1,"tamarind"
"Tamarindus indica",9977,10.3846153846154,14.6860639169514,2,"tamarind"
"Tamarindus indica",10073,90,NA,1,"tamarind"
"Tamarindus indica",10124,202.5,95.6579520321351,4,"tamarind"
"Tamarindus indica",10127,129.230769230769,145.933031573191,3,"tamarind"
"Tamarindus indica",10129,72.6923076923077,93.011738140692,2,"tamarind"
"Tamarindus indica",10161,163.846153846154,142.105886015452,3,"tamarind"
"Tamarindus indica",10166,34.6153846153846,NA,1,"tamarind"
"Tamarindus indica",10175,86.5384615384615,112.593156696627,2,"tamarind"
"Tamarindus indica",10179,237.115384615385,135.472545745947,4,"tamarind"
"Tamarindus indica",10187,256.153846153846,78.3256742237406,2,"tamarind"
"Tamarindus indica",10192,103.846153846154,137.069929891546,2,"tamarind"
"Tamarindus indica",10195,263.076923076923,78.3256742237406,2,"tamarind"
"Tamarindus indica",10199,177.230769230769,102.522331237477,5,"tamarind"
"Tamarindus indica",10210,251.538461538462,60.4861957942207,3,"tamarind"
"Tamarindus indica",10220,177.692307692308,160.480049083511,3,"tamarind"
"Tamarindus indica",10295,117.692307692308,NA,1,"tamarind"
"Tamarindus indica",10380,129.230769230769,106.429408224002,3,"tamarind"
"Tamarindus indica",10599,86.5384615384615,112.593156696627,2,"tamarind"
"Tamarindus indica",10624,186.923076923077,128.217178920822,3,"tamarind"
"Tamarindus indica",10632,103.846153846154,137.069929891546,2,"tamarind"
"Tamarindus indica",10641,110.769230769231,39.1628371118703,2,"tamarind"
"Tamarindus indica",10651,279.230769230769,56.3851925670952,3,"tamarind"
"Tamarindus indica",10656,214.615384615385,54.0709592947384,3,"tamarind"
"Tamarindus indica",10738,200.769230769231,NA,1,"tamarind"
"Tamarindus indica",10741,242.307692307692,78.3256742237406,2,"tamarind"
"Tamarindus indica",10752,162.692307692308,102.80244741866,2,"tamarind"
"Tamarindus indica",10758,167.884615384615,111.254944707611,4,"tamarind"
"Tamarindus indica",10762,259.615384615385,83.2210288627244,2,"tamarind"
"Tamarindus indica",10785,128.076923076923,83.2210288627245,2,"tamarind"
"Tamarindus indica",10816,287.307692307692,34.2674824728865,2,"tamarind"
"Tamarindus indica",10831,169.615384615385,141.96528453053,2,"tamarind"
"Tamarindus indica",10851,145.384615384615,78.3256742237406,2,"tamarind"
"Tamarindus indica",10871,199.038461538462,109.518175520006,4,"tamarind"
"Tamarindus indica",10902,304.615384615385,19.5814185559352,2,"tamarind"
"Tamarindus indica",10954,249.230769230769,108.141918589477,3,"tamarind"
"Tamarindus indica",10999,209.423076923077,98.4562799076546,4,"tamarind"
"Tamarindus indica",11007,297.692307692308,29.3721278339027,2,"tamarind"
"Tamarindus indica",11026,41.5384615384615,NA,1,"tamarind"
"Tamarindus indica",11354,79.6153846153846,4.89535463898382,2,"tamarind"
"Tamarindus indica",11458,103.846153846154,NA,1,"tamarind"
"Tamarindus indica",11521,62.3076923076923,NA,1,"tamarind"
"Tamarindus indica",11528,270,NA,1,"tamarind"
"Tamarindus indica",11546,270,NA,1,"tamarind"
"Tamarindus indica",11553,193.846153846154,NA,1,"tamarind"
"Tamarindus indica",11623,48.4615384615385,NA,1,"tamarind"
"Tamarindus indica",11923,124.615384615385,127.279220613579,2,"tamarind"
"Tamarindus indica",11980,51.9230769230769,24.476773194919,2,"tamarind"
"Tamarindus indica",12150,214.615384615385,NA,1,"tamarind"
"Tamarindus indica",12207,76.1538461538461,NA,1,"tamarind"
"Tamarindus indica",12298,180,NA,1,"tamarind"
"Tamarindus indica",12320,279.230769230769,86.5615353854356,3,"tamarind"
"Tamarindus indica",12321,180,116.464180439497,3,"tamarind"
"Tamarindus indica",12322,169.615384615385,210.500249476303,2,"tamarind"
"Tamarindus indica",12474,27.6923076923077,NA,1,"tamarind"
"Tamarindus indica",12487,166.153846153846,NA,1,"tamarind"
"Tamarindus indica",12865,166.153846153846,NA,1,"tamarind"
"Tamarindus indica",12867,90,NA,1,"tamarind"
"Tamarindus indica",12961,117.692307692308,NA,1,"tamarind"
"Tamarindus indica",12988,41.5384615384615,NA,1,"tamarind"
"Tamarindus indica",29429,190.384615384615,128.217178920822,4,"tamarind"
"Tamarindus indica",29591,221.538461538462,29.3721278339027,2,"tamarind"
"Tamarindus indica",30033,152.307692307692,NA,1,"tamarind"
"Tamarindus indica",30046,152.307692307692,NA,1,"tamarind"
"Tamarindus indica",30077,41.5384615384615,NA,1,"tamarind"
"Tamarindus indica",30081,0,NA,1,"tamarind"
"Tamarindus indica",30222,124.615384615385,NA,1,"tamarind"
"Tamarindus indica",68022,145.384615384615,NA,1,"tamarind"
"Tamarindus indica",68140,103.846153846154,66.0419447134808,3,"tamarind"
"Tamarindus indica",68172,103.846153846154,NA,1,"tamarind"
"Tamarindus indica",68174,48.4615384615385,NA,1,"tamarind"
"Tamarindus indica",84602,235.384615384615,NA,1,"tamarind"
"Tamarindus indica",84855,48.4615384615385,NA,1,"tamarind"
"Tamarindus indica",90352,24.2307692307692,34.2674824728865,2,"tamarind"
"Tamarindus indica",92993,13.8461538461538,NA,1,"tamarind"
"Tamarindus indica",93771,193.846153846154,NA,1,"tamarind"
"Tamarindus indica",93862,41.5384615384615,NA,1,"tamarind"
"Tamarindus indica",94005,41.5384615384615,NA,1,"tamarind"
"Tamarindus indica",94008,41.5384615384615,NA,1,"tamarind"
"Tamarindus indica",94169,96.9230769230769,NA,1,"tamarind"
"Tamarindus indica",94520,96.9230769230769,NA,1,"tamarind"
"Tamarindus indica",94612,100.384615384615,63.6396103067893,2,"tamarind"
"Tamarindus indica",94621,51.9230769230769,53.8489010288217,2,"tamarind"
"Tamarindus indica",94624,166.153846153846,NA,1,"tamarind"
"Tamarindus indica",94659,41.5384615384615,NA,1,"tamarind"
"Tamarindus indica",94798,128.076923076923,122.383865974595,2,"tamarind"
"Tamarindus indica",94831,152.307692307692,NA,1,"tamarind"
"Tamarindus indica",94896,159.230769230769,NA,1,"tamarind"
"Tamarindus indica",94905,141.923076923077,141.96528453053,2,"tamarind"
"Tamarindus indica",94913,41.5384615384615,NA,1,"tamarind"
"Tamarindus indica",94926,103.846153846154,NA,1,"tamarind"
"Tamarindus indica",95044,41.5384615384615,NA,1,"tamarind"
"Tamarindus indica",95124,79.6153846153846,53.8489010288217,2,"tamarind"
"Tamarindus indica",95249,159.230769230769,NA,1,"tamarind"
"Tamarindus indica",95278,41.5384615384615,NA,1,"tamarind"
"Tamarindus indica",95291,103.846153846154,88.1163835017082,2,"tamarind"
"Tamarindus indica",95422,96.9230769230769,78.3256742237406,2,"tamarind"
"Tamarindus indica",95435,41.5384615384615,NA,1,"tamarind"
"Tamarindus indica",95541,55.3846153846154,NA,1,"tamarind"
"Tamarindus indica",95551,90,68.5349649457731,2,"tamarind"
"Tamarindus indica",95725,124.615384615385,NA,1,"tamarind"
"Tamarindus indica",95782,117.692307692308,NA,1,"tamarind"
"Tamarindus indica",95783,41.5384615384615,NA,1,"tamarind"
"Tamarindus indica",95785,41.5384615384615,NA,1,"tamarind"
"Tamarindus indica",95792,152.307692307692,NA,1,"tamarind"
"Tamarindus indica",95839,117.692307692308,NA,1,"tamarind"
"Tamarindus indica",96080,152.307692307692,NA,1,"tamarind"
"Tamarindus indica",96143,159.230769230769,NA,1,"tamarind"
"Tamarindus indica",96430,72.6923076923077,102.80244741866,2,"tamarind"
"Tamarindus indica",100399,0,NA,1,"tamarind"
"Tamarindus indica",100881,0,NA,1,"tamarind"
"Tamarindus indica",100979,34.6153846153846,NA,1,"tamarind"
"Tamarindus indica",101491,41.5384615384615,NA,1,"tamarind"
"Tamarindus indica",101615,41.5384615384615,NA,1,"tamarind"
"Tamarindus indica",101616,41.5384615384615,NA,1,"tamarind"
"Tamarindus indica",101941,34.6153846153846,NA,1,"tamarind"
"Tamarindus indica",101950,83.0769230769231,NA,1,"tamarind"
"Tamarindus indica",101997,297.692307692308,NA,1,"tamarind"
"Tamarindus indica",102343,152.307692307692,NA,1,"tamarind"
"Tamarindus indica",102590,90,NA,1,"tamarind"
"Tamarindus indica",102664,103.846153846154,NA,1,"tamarind"
"Tamarindus indica",102700,83.0769230769231,NA,1,"tamarind"
"Tamarindus indica",103253,353.076923076923,NA,1,"tamarind"
"Tamarindus indica",105138,186.923076923077,NA,1,"tamarind"
"Tamarindus indica",105487,159.230769230769,NA,1,"tamarind"
"Tamarindus indica",108962,180,NA,1,"tamarind"
"Tamarindus indica",109831,20.7692307692308,NA,1,"tamarind"
